codigo,dba,grado,numero,texto,fuente,pagina_pdf
CS-DBA-1-01-E1,CS-DBA-1-01,1,1,"Relaciona su izquierda-derecha, adelante – atrás con los puntos cardinales, al ubicar, en representaciones gráficas de la escuela, aquellos lugares como rectoría, cafetería, patio de recreo, coordinación y sala de profesores, entre otros.",dba-sociales.pdf,8
CS-DBA-1-01-E2,CS-DBA-1-01,1,2,"Dibuja las instituciones sociales de carácter deportivo, educativo, religioso y político, existentes en su barrio, vereda o lugar donde vive.",dba-sociales.pdf,8
CS-DBA-1-01-E3,CS-DBA-1-01,1,3,"Localiza en representaciones gráficas o dibujos de su barrio, vereda o lugar donde vive, algunos referentes (tienda, iglesia, parque, escuela) teniendo en cuenta los puntos cardinales y conoce los acontecimientos que se dan en estos lugares.",dba-sociales.pdf,8
CS-DBA-1-01-E4,CS-DBA-1-01,1,4,"Describe verbalmente el recorrido que realiza entre su casa y la institución educativa donde estudia, señalando aquellos lugares que considera representativos o muy conocidos en su comunidad y el porqué de su importancia.",dba-sociales.pdf,8
CS-DBA-1-02-E1,CS-DBA-1-02,1,1,"Reconoce las diferentes formas de relieve en su entorno geográfico o lugar donde vive, por ejemplo: costas, islas, montañas, valles, llanuras y/o mesetas.",dba-sociales.pdf,8
CS-DBA-1-02-E2,CS-DBA-1-02,1,2,Diferencia los estados del tiempo atmosférico de acuerdo con las sensaciones de calor y frío manifiestas en su cuerpo y con base en los momentos de lluvia y sequía que se dan en el lugar donde vive.,dba-sociales.pdf,8
CS-DBA-1-02-E3,CS-DBA-1-02,1,3,Identifica aquellas obras de infraestructura que se han realizado en su comunidad y expresa las ventajas que estas traen.,dba-sociales.pdf,8
CS-DBA-1-02-E4,CS-DBA-1-02,1,4,"Representa de diferentes maneras, aquellos problemas ambientales que afectan el entorno de la comunidad en el contexto del barrio, vereda o lugar donde vive.",dba-sociales.pdf,8
CS-DBA-1-03-E1,CS-DBA-1-03,1,1,Nombra ordenadamente los días de la semana y los meses del año.,dba-sociales.pdf,8
CS-DBA-1-03-E2,CS-DBA-1-03,1,2,"Diferencia el ayer, el hoy y el mañana desde las actividades cotidianas que realiza y la duración de estas en horas y minutos mediante la lectura del reloj.",dba-sociales.pdf,8
CS-DBA-1-03-E3,CS-DBA-1-03,1,3,Identifica los miembros de su familia y verbaliza quiénes nacieron antes o después de él.,dba-sociales.pdf,8
CS-DBA-1-03-E4,CS-DBA-1-03,1,4,"Recuerda las fechas de los cumpleaños de sus padres, hermanos, amigos y compañeros de clase más cercanos, diferenciando las edades entre ellos.",dba-sociales.pdf,8
CS-DBA-1-04-E1,CS-DBA-1-04,1,1,"Relata los principales acontecimientos sociales ocurridos en el aula de clase, por ejemplo, el inicio de la vida escolar, la celebración del día de los niños, las izadas de bandera o la celebración de cumpleaños, entre otros, diferenciando el antes y el ahora.",dba-sociales.pdf,9
CS-DBA-1-04-E2,CS-DBA-1-04,1,2,Señala las transformaciones recientes observadas en el entorno físico de su comunidad y el para qué se realizaron.,dba-sociales.pdf,9
CS-DBA-1-04-E3,CS-DBA-1-04,1,3,"Describe aquellas organizaciones sociales a las que pertenece en su comunidad: familia, colegio y vecindario.",dba-sociales.pdf,9
CS-DBA-1-04-E4,CS-DBA-1-04,1,4,Plantea preguntas acerca de sucesos destacados que han tenido lugar en su comunidad.,dba-sociales.pdf,9
CS-DBA-1-05-E1,CS-DBA-1-05,1,1,Expresa algunas características físicas y emocionales que lo hacen un ser único.,dba-sociales.pdf,9
CS-DBA-1-05-E2,CS-DBA-1-05,1,2,"Compara similitudes y diferencias entre sus gustos, costumbres y formas de comunicarse, con los demás integrantes del salón de clase.",dba-sociales.pdf,9
CS-DBA-1-05-E3,CS-DBA-1-05,1,3,"Reconoce de sí mismo, de sus compañeros y de sus familiares aquellas cualidades que le ayudan a estar mejor entre los demás.",dba-sociales.pdf,9
CS-DBA-1-05-E4,CS-DBA-1-05,1,4,"Reconoce las costumbres y tradiciones culturales de su comunidad mediante los relatos de los abuelos y personas mayores del barrio, vereda o lugar donde vive.",dba-sociales.pdf,9
CS-DBA-1-06-E1,CS-DBA-1-06,1,1,Señala los lugares de procedencia de su familia y comprende cómo llegaron a su vivienda actual.,dba-sociales.pdf,10
CS-DBA-1-06-E2,CS-DBA-1-06,1,2,Nombra los materiales utilizados en la construcción de la casa donde vive y la distribución de las habitaciones que hay en ella.,dba-sociales.pdf,10
CS-DBA-1-06-E3,CS-DBA-1-06,1,3,"Identifica las viviendas que se destacan en su comunidad, que son patrimonio hoy y que deben conservarse.",dba-sociales.pdf,10
CS-DBA-1-06-E4,CS-DBA-1-06,1,4,Reconoce el valor de la vivienda como el espacio donde tiene lugar su hogar y donde recibe seguridad y cuidado de su familia.,dba-sociales.pdf,10
CS-DBA-1-07-E1,CS-DBA-1-07,1,1,"Presenta sus ideas, intereses y sentimientos frente a las normas establecidas en la familia, en el salón de clase y otros espacios.",dba-sociales.pdf,10
CS-DBA-1-07-E2,CS-DBA-1-07,1,2,Expresa sus opiniones y colabora activamente en la construcción de los acuerdos grupales para la convivencia.,dba-sociales.pdf,10
CS-DBA-1-07-E3,CS-DBA-1-07,1,3,Plantea alternativas de solución frente a situaciones conflictivas en su familia y salón de clase.,dba-sociales.pdf,10
CS-DBA-1-07-E4,CS-DBA-1-07,1,4,Reconoce la importancia del trabajo en equipo para el logro de las metas comunes.,dba-sociales.pdf,10
CS-DBA-1-08-E1,CS-DBA-1-08,1,1,"Expresa el valor de sí mismo y de cada uno de los integrantes de la clase, explicando aquello que los diferencia y los identifica: el género, la procedencia, la edad, las ideas y creencias, entre otras.",dba-sociales.pdf,11
CS-DBA-1-08-E2,CS-DBA-1-08,1,2,"Expresa aquello que lo hace igual a los demás en la institución, desde el conocimiento y el respeto a los deberes y derechos establecidos en el Manual de Convivencia.",dba-sociales.pdf,11
CS-DBA-1-08-E3,CS-DBA-1-08,1,3,Identifica situaciones de maltrato que se dan en su entorno consigo mismo y/o con otras personas y sabe a quiénes acudir para pedir ayuda y protección.,dba-sociales.pdf,11
CS-DBA-1-08-E4,CS-DBA-1-08,1,4,Participa de acciones que fomentan la sana convivencia en el entorno familiar y escolar.,dba-sociales.pdf,11
CS-DBA-2-01-E1,CS-DBA-2-01,2,1,"Identifica las formas del relieve que se encuentran en la superficie terrestre (montaña, valle, llanura, meseta e islas) y nombra aquellas que se observan en su localidad, comuna o vereda.",dba-sociales.pdf,12
CS-DBA-2-01-E2,CS-DBA-2-01,2,2,"Expresa sus apreciaciones sobre los paisajes que observa en fotografías, folletos, revistas, periódicos y señala aquellos que prefiere.",dba-sociales.pdf,12
CS-DBA-2-01-E3,CS-DBA-2-01,2,3,"Traza las formas básicas del paisaje de su municipio a través de dibujos y la elaboración de maquetas con barro, plastilina o materiales reutilizables que consiga en su contexto.",dba-sociales.pdf,12
CS-DBA-2-01-E4,CS-DBA-2-01,2,4,"Explica los cambios que se han realizado en el paisaje del municipio debido a cultivos, construcciones recientes, carreteras, caminos, edificaciones y parques, entre otros.",dba-sociales.pdf,12
CS-DBA-2-02-E1,CS-DBA-2-02,2,1,"Establece relaciones entre el espacio físico del salón de clases y otros espacios que hacen parte de la Institución Educativa a través de dibujos, gráficos o planos, utilizando los puntos cardinales.",dba-sociales.pdf,12
CS-DBA-2-02-E2,CS-DBA-2-02,2,2,Traza las rutas seguidas por algunos de sus compañeros de clase para llegar a la escuela y las representa en un dibujo.,dba-sociales.pdf,12
CS-DBA-2-02-E3,CS-DBA-2-02,2,3,"Mide distancias reales entre varios lugares, con pasos y otras medidas que pueden inventarse en el grupo, identificando la distancia - cerca o lejos- entre dichos lugares.",dba-sociales.pdf,12
CS-DBA-2-02-E4,CS-DBA-2-02,2,4,"Da orientaciones espaciales verbalmente o de otras formas para llegar a un lugar específico, utilizando expresiones de lateralidad (izquierda, derecha, adelante, atrás) y los puntos cardinales.",dba-sociales.pdf,12
CS-DBA-2-03-E1,CS-DBA-2-03,2,1,Describe las características de la conformación de su familia antes de su nacimiento.,dba-sociales.pdf,12
CS-DBA-2-03-E2,CS-DBA-2-03,2,2,"Reconoce las procedencias y los recorridos de los integrantes de su núcleo familiar antes de llegar al municipio donde viven actualmente, a través de relatos.",dba-sociales.pdf,12
CS-DBA-2-03-E3,CS-DBA-2-03,2,3,Establece secuencias de datos históricos a nivel personal y familiar desde la lectura de su registro civil de nacimiento y elabora un árbol genealógico.,dba-sociales.pdf,12
CS-DBA-2-03-E4,CS-DBA-2-03,2,4,Indaga por los lugares de origen y las razones de los desplazamientos de la población en su comunidad.,dba-sociales.pdf,12
CS-DBA-2-04-E1,CS-DBA-2-04,2,1,"Diferencia los cambios vividos en los medios de transporte en su entorno cercano, a partir de relatos de su familia.",dba-sociales.pdf,13
CS-DBA-2-04-E2,CS-DBA-2-04,2,2,Clasifica las formas de transportarse de las personas según el medio utilizado.,dba-sociales.pdf,13
CS-DBA-2-04-E3,CS-DBA-2-04,2,3,Describe el medio de transporte que más usa para llegar o salir de su casa y expone sus ventajas y desventajas.,dba-sociales.pdf,13
CS-DBA-2-04-E4,CS-DBA-2-04,2,4,Representa gráficamente la movilidad en su comunidad e identifica sus ventajas y desventajas.,dba-sociales.pdf,13
CS-DBA-2-05-E1,CS-DBA-2-05,2,1,Identifica los trabajos u oficios que las personas de su comunidad realizan para obtener su sustento y el de la familia.,dba-sociales.pdf,13
CS-DBA-2-05-E2,CS-DBA-2-05,2,2,Describe las actividades económicas que realizan los adultos en su hogar y los beneficios que éstas traen para todos los integrantes de la familia.,dba-sociales.pdf,13
CS-DBA-2-05-E3,CS-DBA-2-05,2,3,Compara los oficios que los abuelos realizaban anteriormente respecto de cómo se realizan hoy y diferencia los trabajos característicos de las zonas urbanas y rurales.,dba-sociales.pdf,13
CS-DBA-2-05-E4,CS-DBA-2-05,2,4,Reconoce experiencias donde algunos niños son explotados laboralmente y expresa razones para rechazar estas situaciones.,dba-sociales.pdf,13
CS-DBA-2-06-E1,CS-DBA-2-06,2,1,Reconoce características de las viviendas rurales y urbanas a partir de los materiales utilizados para su construcción.,dba-sociales.pdf,14
CS-DBA-2-06-E2,CS-DBA-2-06,2,2,"Describe y diferencia características de las viviendas de los grupos étnicos, a partir de la lectura de imágenes.",dba-sociales.pdf,14
CS-DBA-2-06-E3,CS-DBA-2-06,2,3,Identifica los cambios que se dan en las viviendas con el paso del tiempo.,dba-sociales.pdf,14
CS-DBA-2-06-E4,CS-DBA-2-06,2,4,Describe las ventajas y desventajas que representa tener vivienda en zona urbana o rural.,dba-sociales.pdf,14
CS-DBA-2-07-E1,CS-DBA-2-07,2,1,Identifica el croquis de su municipio y lo diferencia entre los demás municipios del departamento.,dba-sociales.pdf,15
CS-DBA-2-07-E2,CS-DBA-2-07,2,2,"Ubica las comunas, corregimientos, localidades y/o territorios indígenas en los que está organizado el territorio de su municipio, teniendo en cuenta los puntos cardinales.",dba-sociales.pdf,15
CS-DBA-2-07-E3,CS-DBA-2-07,2,3,Nombra topónimos (nombres propios que adoptan los lugares geográficos) en su municipio y diferencia su ubicación en el medio urbano o rural.,dba-sociales.pdf,15
CS-DBA-2-07-E4,CS-DBA-2-07,2,4,"Diferencia la organización de grupos pequeños como la familia, salón de clase, colegio con las de los grupos más grandes como resguardo, territorios afrocolombianos y municipio.",dba-sociales.pdf,15
CS-DBA-2-08-E1,CS-DBA-2-08,2,1,"Describe diversas características de los grupos humanos (etnia, edad, religión, género) y explica aquello que más le gusta de sus compañeros y lo que pudiera cambiarse para mejorar la convivencia en el grupo.",dba-sociales.pdf,16
CS-DBA-2-08-E2,CS-DBA-2-08,2,2,Establece semejanzas y diferencias entre los alimentos preferidos (en los integrantes de su familia) y en las preferencias en los juegos entre los compañeros del grupo en la escuela.,dba-sociales.pdf,16
CS-DBA-2-08-E3,CS-DBA-2-08,2,3,Expresa sus sentimientos cuando es discriminado o aceptado en una actividad escolar y reconoce la importancia que tiene conocer y aceptar a las personas.,dba-sociales.pdf,16
CS-DBA-2-08-E4,CS-DBA-2-08,2,4,Identifica las acciones que generan discriminación en su entorno y sabe a quién acudir para pedir ayuda y protección.,dba-sociales.pdf,16
CS-DBA-3-01-E1,CS-DBA-3-01,3,1,Identifica los nombres de los continentes y de los océanos que conforman el planeta Tierra y reconoce las actividades que se realizan en las zonas costeras.,dba-sociales.pdf,17
CS-DBA-3-01-E2,CS-DBA-3-01,3,2,Diferencia los mares como porciones de los océanos y su importancia en la fijación de límites entre países.,dba-sociales.pdf,17
CS-DBA-3-01-E3,CS-DBA-3-01,3,3,Plantea preguntas sobre las problemáticas ambientales que viven los océanos en la actualidad y explica el impacto en las poblaciones costeras.,dba-sociales.pdf,17
CS-DBA-3-01-E4,CS-DBA-3-01,3,4,"Relaciona la ubicación geográfica de su departamento, municipio, resguardo o lugar donde vive, con la presencia o no de costas sobre los océanos, y reconoce las ventajas y desventajas de tenerlas.",dba-sociales.pdf,17
CS-DBA-3-02-E1,CS-DBA-3-02,3,1,"Identifica la oferta de recursos naturales presentes en su región respecto del suelo, clima, flora, fauna y agua.",dba-sociales.pdf,17
CS-DBA-3-02-E2,CS-DBA-3-02,3,2,"Reconoce las actividades que se realizan en su región: agricultura, ganadería, pesca, industria, minería o servicios.",dba-sociales.pdf,17
CS-DBA-3-02-E3,CS-DBA-3-02,3,3,"Describe las formas de organización social y económica utilizadas para la explotación de los recursos naturales (empresas, asociaciones, corporaciones autónomas regionales).",dba-sociales.pdf,17
CS-DBA-3-02-E4,CS-DBA-3-02,3,4,Expresa por qué en espacios con determinados climas no se cuenta con ciertos productos y destaca la importancia del trabajo que realizan quienes producen los alimentos para el bienestar de todos.,dba-sociales.pdf,17
CS-DBA-3-03-E1,CS-DBA-3-03,3,1,"Reconoce los cambios y/o permanencias que se presentan en espacios como la escuela, la plaza principal y el mercado, entre otros.",dba-sociales.pdf,18
CS-DBA-3-03-E2,CS-DBA-3-03,3,2,"Diferencia cambios dados en el territorio local por la construcción de obras públicas (carreteras, parques, alcantarillado, acueducto y hospitales, entre otros).",dba-sociales.pdf,18
CS-DBA-3-03-E3,CS-DBA-3-03,3,3,"Indaga sobre el aumento o disminución de la población en el departamento, municipio, resguardo o lugar donde vive, a partir de diferentes fuentes documentales.",dba-sociales.pdf,18
CS-DBA-3-03-E4,CS-DBA-3-03,3,4,"Identifica problemas sociales relevantes en la población, originados en el uso de los recursos naturales.",dba-sociales.pdf,18
CS-DBA-3-04-E1,CS-DBA-3-04,3,1,"Identifica en su entorno algunos objetos, herramientas, aparatos, construcciones y documentos que brindan información acerca del pasado de su región.",dba-sociales.pdf,18
CS-DBA-3-04-E2,CS-DBA-3-04,3,2,Describe algunas costumbres y tradiciones que le permiten reconocerse como miembro de un grupo poblacional y de una nación a través de la historia oral con sus abuelos.,dba-sociales.pdf,18
CS-DBA-3-04-E3,CS-DBA-3-04,3,3,"Compara las fiestas que se celebran en diferentes municipios de su departamento, en aspectos como: origen, propósito, duración y participantes.",dba-sociales.pdf,18
CS-DBA-3-04-E4,CS-DBA-3-04,3,4,Describe la diversidad en la gastronomía de diferentes regiones o provincias que conforman su departamento.,dba-sociales.pdf,18
CS-DBA-3-05-E1,CS-DBA-3-05,3,1,"Describe el tiempo dedicado en su familia a actividades como trabajar, estudiar, viajar, jugar, practicar deporte y leer.",dba-sociales.pdf,19
CS-DBA-3-05-E2,CS-DBA-3-05,3,2,Organiza las actividades personales y familiares con base en el uso del calendario.,dba-sociales.pdf,19
CS-DBA-3-05-E3,CS-DBA-3-05,3,3,"Compara las actividades escolares, familiares y de uso del tiempo libre, llevadas a cabo el año pasado con las que realiza actualmente y expresa aquellas que quiere hacer el año próximo.",dba-sociales.pdf,19
CS-DBA-3-05-E4,CS-DBA-3-05,3,4,Elabora esquemas con la distribución del tiempo dedicado en procesos de producción y/o extracción de un producto típico en su región.,dba-sociales.pdf,19
CS-DBA-3-06-E1,CS-DBA-3-06,3,1,"Caracteriza aquellos grupos humanos que habitan en su región (afrodescendientes, raizales, blancos, indígenas, gitanos y/o mestizos).",dba-sociales.pdf,19
CS-DBA-3-06-E2,CS-DBA-3-06,3,2,"Describe las expresiones culturales de cada uno de los grupos humanos identificados en su departamento, municipio, resguardo o lugar donde vive.",dba-sociales.pdf,19
CS-DBA-3-06-E3,CS-DBA-3-06,3,3,Reconoce la diversidad cultural como una característica del pueblo colombiano y explica los aportes de los diferentes grupos humanos.,dba-sociales.pdf,19
CS-DBA-3-06-E4,CS-DBA-3-06,3,4,Elabora conclusiones sobre la situación social y económica de los indígenas en su región haciendo uso de diferentes fuentes de información.,dba-sociales.pdf,19
CS-DBA-3-07-E1,CS-DBA-3-07,3,1,Identifica los mecanismos de elección del gobierno escolar y la importancia de elegir y ser elegido.,dba-sociales.pdf,20
CS-DBA-3-07-E2,CS-DBA-3-07,3,2,"Reconoce el papel que cumplen los representantes de los estudiantes y el consejo estudiantil en la vida de la institución educativa, mediante su participación en la elección de estos.",dba-sociales.pdf,20
CS-DBA-3-07-E3,CS-DBA-3-07,3,3,Compara las propuestas que presentan los diferentes candidatos a ocupar los cargos de personero estudiantil.,dba-sociales.pdf,20
CS-DBA-3-07-E4,CS-DBA-3-07,3,4,Explica la organización y el funcionamiento del consejo directivo de su institución educativa.,dba-sociales.pdf,20
CS-DBA-3-08-E1,CS-DBA-3-08,3,1,"Diferencia los órganos y las funciones del poder público que tiene el departamento (gobernador, diputados y jueces) de los que tiene el municipio y los resguardos.",dba-sociales.pdf,20
CS-DBA-3-08-E2,CS-DBA-3-08,3,2,"Explica la importancia del gobierno departamental en el mejoramiento de las condiciones de vida de los ciudadanos, en cuanto a educación, obras públicas, salud y recreación.",dba-sociales.pdf,20
CS-DBA-3-08-E3,CS-DBA-3-08,3,3,Emite sus opiniones frente a las problemáticas observadas en los procesos de elección de cargos políticos en la región.,dba-sociales.pdf,20
CS-DBA-3-08-E4,CS-DBA-3-08,3,4,Propone acciones que pueden desarrollar las instituciones departamentales para fortalecer la convivencia y la paz en las comunidades.,dba-sociales.pdf,20
CS-DBA-4-01-E1,CS-DBA-4-01,4,1,Reconoce los límites geográficos de Colombia a partir de la lectura de un mapa político.,dba-sociales.pdf,21
CS-DBA-4-01-E2,CS-DBA-4-01,4,2,Describe actividades económicas y culturales que se dan entre los países que comparten fronteras con Colombia.,dba-sociales.pdf,21
CS-DBA-4-01-E3,CS-DBA-4-01,4,3,Explica la importancia de las fronteras colombianas como un punto de encuentro con los pueblos vecinos y documenta situaciones vividas recientemente con los países limítrofes.,dba-sociales.pdf,21
CS-DBA-4-01-E4,CS-DBA-4-01,4,4,Contrasta los límites de los departamentos en que se divide el territorio colombiano con base en su ubicación geográfica y su extensión.,dba-sociales.pdf,21
CS-DBA-4-02-E1,CS-DBA-4-02,4,1,"Reconoce los usos del suelo propios de las ciudades (comercial, industrial, habitacional, deportivo y educativo, entre otros) y los del campo (agrícola, ganadero, minero, forestal y turístico, entre otros) a partir de la lectura de mapas temáticos.",dba-sociales.pdf,21
CS-DBA-4-02-E2,CS-DBA-4-02,4,2,Identifica cambios generados en el uso del suelo tanto de las ciudades colombianas como de los espacios rurales en la última década.,dba-sociales.pdf,21
CS-DBA-4-02-E3,CS-DBA-4-02,4,3,Compara la cantidad de habitantes que viven en las ciudades colombianas con la población ubicada en los sectores rurales (a partir de la información del último censo de población realizado en el país o de otra fuente).,dba-sociales.pdf,21
CS-DBA-4-02-E4,CS-DBA-4-02,4,4,Expresa razones por las cuales actualmente la población se concentra más en las ciudades que en el campo.,dba-sociales.pdf,21
CS-DBA-4-03-E1,CS-DBA-4-03,4,1,"Explica cómo era la vida de los pueblos cuando no existía la energía eléctrica, el acueducto, el alcantarillado y el servicio de teléfono, entre otros.",dba-sociales.pdf,22
CS-DBA-4-03-E2,CS-DBA-4-03,4,2,"Relaciona el acceso a las tecnologías de la salud como los hospitales, las vacunas, y los medicamentos, con el bienestar de las familias.",dba-sociales.pdf,22
CS-DBA-4-03-E3,CS-DBA-4-03,4,3,Describe la importancia de los medios de comunicación en el desarrollo de la política y la cultura ciudadana del país.,dba-sociales.pdf,22
CS-DBA-4-03-E4,CS-DBA-4-03,4,4,"Expresa sus opiniones sobre los cambios generados en las relaciones con su familia, desde el uso del teléfono, la TV y el Internet entre otras tecnologías y, deduce los efectos que han tenido en la vida de las personas.",dba-sociales.pdf,22
CS-DBA-4-04-E1,CS-DBA-4-04,4,1,"Reconoce los diferentes pueblos indígenas pertenecientes a las familias lingüísticas que habitaban el territorio colombiano (Chibcha, Caribe y Arawak) y los ubica espacialmente.",dba-sociales.pdf,22
CS-DBA-4-04-E2,CS-DBA-4-04,4,2,"Compara las organizaciones sociales, económicas y religiosas de los pueblos ancestrales que habitaron el territorio colombiano (muiscas, taironas, calimas y zenúes, entre otros).",dba-sociales.pdf,22
CS-DBA-4-04-E3,CS-DBA-4-04,4,3,Busca información en diferentes fuentes sobre los legados culturales de las comunidades indígenas y describe su situación actual.,dba-sociales.pdf,22
CS-DBA-4-04-E4,CS-DBA-4-04,4,4,Explica las razones por las cuales la población indígena se vio reducida con la llegada de los europeos.,dba-sociales.pdf,22
CS-DBA-4-05-E1,CS-DBA-4-05,4,1,Identifica las características de los diferentes grupos humanos presentes en el territorio nacional.,dba-sociales.pdf,23
CS-DBA-4-05-E2,CS-DBA-4-05,4,2,"Explica tradiciones y costumbres propias de los diversos grupos humanos del país respecto de la alimentación, la vivienda y su cosmovisión.",dba-sociales.pdf,23
CS-DBA-4-05-E3,CS-DBA-4-05,4,3,Describe el intercambio de saberes que históricamente se ha dado entre las diversas culturas existentes en Colombia y sus aportes a la construcción de la idiosincrasia colombiana.,dba-sociales.pdf,23
CS-DBA-4-05-E4,CS-DBA-4-05,4,4,Reconoce la importancia de preservar y fomentar las manifestaciones culturales de los diferentes grupos humanos presentes en el territorio nacional y que contribuyen a construir una sociedad más justa.,dba-sociales.pdf,23
CS-DBA-4-06-E1,CS-DBA-4-06,4,1,"Diferencia las ramas del poder público (Legislativa, Ejecutiva y Judicial), sus funciones e importancia en el equilibrio de poderes.",dba-sociales.pdf,23
CS-DBA-4-06-E2,CS-DBA-4-06,4,2,Reconoce la importancia del voto popular como mecanismo de participación para ejercer la democracia en Colombia a partir del análisis de casos.,dba-sociales.pdf,23
CS-DBA-4-06-E3,CS-DBA-4-06,4,3,"Explica las responsabilidades de los cargos de elección popular (personeros estudiantiles, alcaldes, concejales, gobernadores, diputados, congresistas, presidente de la república).",dba-sociales.pdf,23
CS-DBA-4-06-E4,CS-DBA-4-06,4,4,"Describe el papel de los órganos de control (procuraduría, contraloría y la defensoría del pueblo), para el funcionamiento de la democracia y el equilibrio de poderes.",dba-sociales.pdf,23
CS-DBA-4-07-E1,CS-DBA-4-07,4,1,Describe los derechos de la niñez y asume una posición crítica frente a situaciones de discriminación y abuso por irrespeto a rasgos individuales de las personas.,dba-sociales.pdf,24
CS-DBA-4-07-E2,CS-DBA-4-07,4,2,Se identifica como un sujeto de derechos con unos deberes para con la comunidad educativa desde su participación en diferentes eventos escolares.,dba-sociales.pdf,24
CS-DBA-4-07-E3,CS-DBA-4-07,4,3,"Reconoce las personas, instituciones y autoridades a las que puede acudir para la protección y defensa de los derechos de la niñez y explica cómo buscar apoyo de ser necesario, en la personería estudiantil, el comité de convivencia escolar, la comisaría de familia, el Instituto Colombiano de Bienestar Familiar (ICBF) y/o la Policía Nacional.",dba-sociales.pdf,24
CS-DBA-4-07-E4,CS-DBA-4-07,4,4,Describe situaciones en las que se ven vulnerados los derechos de la niñez y propone posibles soluciones para resolverlas.,dba-sociales.pdf,24
CS-DBA-4-08-E1,CS-DBA-4-08,4,1,"Identifica las necesidades básicas de todo ser humano (vivienda, alimentación, salud, educación y empleo) y explica si se satisfacen en su comunidad.",dba-sociales.pdf,24
CS-DBA-4-08-E2,CS-DBA-4-08,4,2,Clasifica en orden de importancia las necesidades básicas que presentan los habitantes del territorio colombiano en la actualidad.,dba-sociales.pdf,24
CS-DBA-4-08-E3,CS-DBA-4-08,4,3,"Reconoce los factores económicos, sociales y políticos que influyen en la satisfacción de las necesidades básicas de las personas en la sociedad colombiana.",dba-sociales.pdf,24
CS-DBA-4-08-E4,CS-DBA-4-08,4,4,Expresa la responsabilidad que conlleva ser parte de una comunidad y sugiere posibles actuaciones en la búsqueda de la satisfacción de las necesidades básicas.,dba-sociales.pdf,24
CS-DBA-5-01-E1,CS-DBA-5-01,5,1,"Explica las formas de división territorial en Colombia: corregimiento, municipio, área metropolitana, departamento, región y territorio indígena.",dba-sociales.pdf,25
CS-DBA-5-01-E2,CS-DBA-5-01,5,2,"Caracteriza los territorios colombianos denominados distritos (capital, especial, industrial, portuario, turístico, histórico y biodiverso) y los diferencia de los municipios y de las ciudades capitales.",dba-sociales.pdf,25
CS-DBA-5-01-E3,CS-DBA-5-01,5,3,Diferencia las regiones geográficas en las que está dividido el territorio colombiano y las reconoce a partir de la lectura de mapas temáticos.,dba-sociales.pdf,25
CS-DBA-5-01-E4,CS-DBA-5-01,5,4,Relaciona la existencia de los pisos térmicos con los recursos naturales de cada región e identifica su incidencia en la diversidad de cultivos y actividades humanas.,dba-sociales.pdf,25
CS-DBA-5-02-E1,CS-DBA-5-02,5,1,"Identifica la posición geográfica y astronómica del país, sus límites y extensión de sus fronteras terrestres y marítimas, mediante la lectura de mapas temáticos.",dba-sociales.pdf,25
CS-DBA-5-02-E2,CS-DBA-5-02,5,2,"Establece relaciones entre latitud, longitud, altitud y la proximidad al mar, con la diversidad de climas en Colombia.",dba-sociales.pdf,25
CS-DBA-5-02-E3,CS-DBA-5-02,5,3,Explica la presencia de la órbita geoestacionaria y su importancia para las telecomunicaciones del país.,dba-sociales.pdf,25
CS-DBA-5-02-E4,CS-DBA-5-02,5,4,"Plantea preguntas que le permiten reconocer la importancia que tiene para el territorio colombiano y la economía nacional, el hecho de contar con dos océanos.",dba-sociales.pdf,25
CS-DBA-5-03-E1,CS-DBA-5-03,5,1,Explica la importancia que ha tenido la comunicación para la sociedad colombiana en el siglo XX y XXI.,dba-sociales.pdf,26
CS-DBA-5-03-E2,CS-DBA-5-03,5,2,"Compara las características de los medios de comunicación que emplearon sus padres (cuando eran niños), con los que él emplea en la actualidad.",dba-sociales.pdf,26
CS-DBA-5-03-E3,CS-DBA-5-03,5,3,Argumenta a partir de evidencias cómo el uso de diferentes medios de comunicación hace más fácil el acceso a la información y el aprendizaje.,dba-sociales.pdf,26
CS-DBA-5-03-E4,CS-DBA-5-03,5,4,"Participa en discusiones sobre el uso adecuado y respetuoso de los medios de comunicación en la construcción de las relaciones con otras personas, grupos sociales o instituciones.",dba-sociales.pdf,26
CS-DBA-5-04-E1,CS-DBA-5-04,5,1,"Compara el papel de las organizaciones políticas y administrativas como el Consejo Supremo de Indias, la Casa de Contratación de Sevilla, la Real Audiencia, los Cabildos, la Real Hacienda y el Virreinato con las actuales instituciones en Colombia.",dba-sociales.pdf,26
CS-DBA-5-04-E2,CS-DBA-5-04,5,2,"Diferencia las formas organizativas del trabajo en la Colonia (la encomienda, la mita y el resguardo) y sus transformaciones en el sistema económico actual en Colombia.",dba-sociales.pdf,26
CS-DBA-5-04-E3,CS-DBA-5-04,5,3,Explica las diferencias entre los grupos sociales existentes en la Nueva Granada durante el periodo colonial y las implicaciones que tuvo en la estratificación de la población colombiana.,dba-sociales.pdf,26
CS-DBA-5-04-E4,CS-DBA-5-04,5,4,Examina el papel de la religión católica y su impacto en la vida cotidiana de las personas durante la época colonial a través del uso de diversas fuentes de información.,dba-sociales.pdf,26
CS-DBA-5-05-E1,CS-DBA-5-05,5,1,"Plantea preguntas sobre los antecedentes que influenciaron el proceso de independencia de Colombia (revolución de los comuneros, invasiones napoleónicas, entre otras).",dba-sociales.pdf,27
CS-DBA-5-05-E2,CS-DBA-5-05,5,2,Explica los acontecimientos que permitieron el nacimiento de la República y cómo estos incidieron en la vida económica y social de Colombia.,dba-sociales.pdf,27
CS-DBA-5-05-E3,CS-DBA-5-05,5,3,"Reconoce los cambios de fronteras que ha experimentado Colombia desde comienzos del siglo XIX hasta la actualidad (la Gran Colombia, la República de la Nueva Granada, la Confederación Granadina, los Estados Unidos de Colombia y la República de Colombia) a partir de la lectura de mapas temáticos.",dba-sociales.pdf,27
CS-DBA-5-05-E4,CS-DBA-5-05,5,4,Relaciona la aparición de los partidos políticos en Colombia con las luchas ideológicas que se dieron a lo largo del siglo XIX.,dba-sociales.pdf,27
CS-DBA-5-06-E1,CS-DBA-5-06,5,1,"Explica los cambios sociales y tecnológicos (radio, prensa escrita, telares y ferrocarriles) que se dieron en Colombia en la primera mitad del siglo XX y su incidencia en la reconfiguración de actividades económicas y sociales en el país.",dba-sociales.pdf,27
CS-DBA-5-06-E2,CS-DBA-5-06,5,2,Reconoce la influencia de los partidos políticos (liberal y conservador) en las dinámicas económicas y sociales de Colombia en la primera mitad del siglo XX a partir del uso de diferentes fuentes de información.,dba-sociales.pdf,27
CS-DBA-5-06-E3,CS-DBA-5-06,5,3,"Identifica las consecuencias de los conflictos que afectaron la convivencia armónica de los ciudadanos colombianos en la primera mitad del siglo XX (Guerra de los Mil Días, masacre de las bananeras y la violencia partidista).",dba-sociales.pdf,27
CS-DBA-5-06-E4,CS-DBA-5-06,5,4,Participa en debates y propone acciones para vivir en una sociedad pacífica y constructora de una cultura de paz.,dba-sociales.pdf,27
CS-DBA-5-07-E1,CS-DBA-5-07,5,1,Describe los beneficios o ventajas que conlleva vivir en un Estado democrático a través del estudio de la Constitución de 1991.,dba-sociales.pdf,28
CS-DBA-5-07-E2,CS-DBA-5-07,5,2,"Identifica los derechos fundamentales contemplados en la Constitución (Título II, capítulo 1), y su aplicabilidad en la vida cotidiana a partir del análisis de casos.",dba-sociales.pdf,28
CS-DBA-5-07-E3,CS-DBA-5-07,5,3,Compara los derechos y deberes planteados en la Constitución Política del país con los derechos y deberes contemplados en el manual de convivencia de su institución educativa.,dba-sociales.pdf,28
CS-DBA-5-07-E4,CS-DBA-5-07,5,4,Explica el valor que tiene conocer los derechos y los mecanismos constitucionales para reclamar su debido cumplimiento.,dba-sociales.pdf,28
CS-DBA-5-08-E1,CS-DBA-5-08,5,1,"Explica las instituciones que defienden los Derechos Humanos y organizan proyectos en la comunidad (cabildos, juntas de acción comunal y juntas administradoras locales).",dba-sociales.pdf,28
CS-DBA-5-08-E2,CS-DBA-5-08,5,2,Reconoce la importancia de proteger la organización social y los derechos de las colectividades a través de los mecanismos estipulados en la Constitución nacional.,dba-sociales.pdf,28
CS-DBA-5-08-E3,CS-DBA-5-08,5,3,Describe el funcionamiento de las instituciones que protegen los Derechos Humanos en Colombia (Personería y Defensoría del Pueblo).,dba-sociales.pdf,28
CS-DBA-5-08-E4,CS-DBA-5-08,5,4,"Participa en proyectos colectivos (Gobierno Escolar, ambientales, convivencia y paz entre otros) orientados a alcanzar el bien común y a promover la solidaridad en su comunidad.",dba-sociales.pdf,28
CS-DBA-6-01-E1,CS-DBA-6-01,6,1,"Interpreta diferentes teorías científicas sobre el origen del universo (Big Bang, inflacionaria, multiuniversos), que le permiten reconocer cómo surgimos, cuándo y por qué.",dba-sociales.pdf,29
CS-DBA-6-01-E2,CS-DBA-6-01,6,2,"Explica los elementos que componen nuestro sistema solar: planetas, estrellas, asteroides, cometas y su relación con la vida en la Tierra.",dba-sociales.pdf,29
CS-DBA-6-01-E3,CS-DBA-6-01,6,3,"Compara teorías científicas, religiosas y mitos de culturas ancestrales sobre el origen del universo.",dba-sociales.pdf,29
CS-DBA-6-01-E4,CS-DBA-6-01,6,4,Expresa la importancia de explorar el universo como una posibilidad para entender el origen y el cambio de las formas de vida en la Tierra.,dba-sociales.pdf,29
CS-DBA-6-02-E1,CS-DBA-6-02,6,1,"Describe las interacciones que se dan entre el relieve, el clima, las zonas bioclimáticas (cambios en la temperaturas, mareas, vientos, corrientes marinas, nubes, radiación solar) y las acciones humanas.",dba-sociales.pdf,29
CS-DBA-6-02-E2,CS-DBA-6-02,6,2,"Explica la teoría de la deriva continental y la dinámica interna de la Tierra reconociendo los efectos que esta genera: sismos, tsunamis, erupciones volcánicas y cambios en el paisaje.",dba-sociales.pdf,29
CS-DBA-6-02-E3,CS-DBA-6-02,6,3,"Diferencia las repercusiones de algunos fenómenos climáticos (huracanes, tornados, fenómeno del niño y de la niña, lluvias tropicales) en la vida de las personas.",dba-sociales.pdf,29
CS-DBA-6-02-E4,CS-DBA-6-02,6,4,"Argumenta a partir de evidencias los efectos de un sismo en la población (tomando como ejemplo uno sucedido en Colombia) y conoce las recomendaciones a seguir, en caso de un sismo.",dba-sociales.pdf,29
CS-DBA-6-03-E1,CS-DBA-6-03,6,1,"Diferencia las características fisiológicas y anatómicas presentes en los australopithecus, homo habilis, homo erectus, homo neanderthalensis y homo sapiens sapiens, reconociendo los factores que incidieron en estos cambios.",dba-sociales.pdf,30
CS-DBA-6-03-E2,CS-DBA-6-03,6,2,"Identifica los cambios tecnológicos que tuvieron los homínidos (piedras talladas, huesos, conchas....) así como las repercusiones en su vida y en el entorno.",dba-sociales.pdf,30
CS-DBA-6-03-E3,CS-DBA-6-03,6,3,"Explica el papel del trabajo de los homínidos (caza, pesca, recolección) y la importancia de estas actividades en la organización social y en el proceso de humanización.",dba-sociales.pdf,30
CS-DBA-6-03-E4,CS-DBA-6-03,6,4,Discute teorías sobre las posibles formas de poblamiento en los diferentes continentes.,dba-sociales.pdf,30
CS-DBA-6-04-E1,CS-DBA-6-04,6,1,"Relaciona el origen de la agricultura con el desarrollo de las sociedades antiguas y la aparición de elementos que permanecen en la actualidad (canales de riego, la escritura, el ladrillo).",dba-sociales.pdf,30
CS-DBA-6-04-E2,CS-DBA-6-04,6,2,"Explica el papel de los ríos Nilo, Tigris, Éufrates, Indo, Ganges, Huang He y Yangtsé Kiang, en la construcción de las primeras ciudades y el origen de las civilizaciones antiguas y los ubica en un mapa actual de África y Asia.",dba-sociales.pdf,30
CS-DBA-6-04-E3,CS-DBA-6-04,6,3,"Establece las implicaciones del proceso de sedentarización, la domesticación de animales y el empleo de mano de obra esclavizada, en la revolución agrícola para la humanidad.",dba-sociales.pdf,30
CS-DBA-6-04-E4,CS-DBA-6-04,6,4,"Expresa opiniones sobre la influencia de la agricultura, el surgimiento de las ciudades, las primeras obras de ingeniería en la antigüedad y, su desarrollo en las sociedades actuales.",dba-sociales.pdf,30
CS-DBA-6-05-E1,CS-DBA-6-05,6,1,"Representa y sitúa en un mapa los espacios geográficos en que se desarrollaron sociedades prehispánicas como mayas, aztecas, incas, chibchas u otros grupos ancestrales.",dba-sociales.pdf,31
CS-DBA-6-05-E2,CS-DBA-6-05,6,2,"Describe los aportes tecnológicos y culturales de las sociedades prehispánicas como el calendario maya, la arquitectura, los aspectos religiosos, la astronomía y las técnicas de cultivo.",dba-sociales.pdf,31
CS-DBA-6-05-E3,CS-DBA-6-05,6,3,"Compara la estructura social, política y económica de las sociedades prehispánicas, con las sociedades actuales del continente americano, y establece similitudes y diferencias en sus procesos históricos.",dba-sociales.pdf,31
CS-DBA-6-05-E4,CS-DBA-6-05,6,4,"Explica la importancia de alimentos domesticados en América como el maíz, el tomate y la papa, en la gastronomía del mundo contemporáneo.",dba-sociales.pdf,31
CS-DBA-6-06-E1,CS-DBA-6-06,6,1,"Reconoce algunas formas de gobierno que se desarrollaron en las sociedades antiguas (tiranía, aristocracia, monarquía, teocracia, democracia ateniense) e identifica aquellas que permanecen en la actualidad.",dba-sociales.pdf,31
CS-DBA-6-06-E2,CS-DBA-6-06,6,2,"Compara las características de la democracia ateniense, del poder feudal, del absolutismo y de la democracia parlamentaria.",dba-sociales.pdf,31
CS-DBA-6-06-E3,CS-DBA-6-06,6,3,"Explica cómo en la antigüedad se accedía al poder, cómo se justificaba (origen divino), cómo se mantenía (uso de la fuerza y creación de ejércitos) y cuál era el protagonismo de las personas en la elección de sus gobernantes.",dba-sociales.pdf,31
CS-DBA-6-06-E4,CS-DBA-6-06,6,4,"Describe semejanzas y diferencias que se observan entre la democracia ateniense y las democracias actuales, en especial la colombiana, para señalar fortalezas, debilidades y alternativas que conduzcan a una mayor democratización.",dba-sociales.pdf,31
CS-DBA-6-07-E1,CS-DBA-6-07,6,1,"Describe el origen de la ciudadanía, los cambios que ha tenido en el tiempo y su significado actual.",dba-sociales.pdf,32
CS-DBA-6-07-E2,CS-DBA-6-07,6,2,"Argumenta la importancia de participar activamente en la toma de decisiones para el bienestar colectivo en la sociedad, en el contexto de una democracia.",dba-sociales.pdf,32
CS-DBA-6-07-E3,CS-DBA-6-07,6,3,"Explica, a partir de ejemplos, las consecuencias que pueden tener, sobre sí mismo y sobre los demás, la no participación activa en las decisiones de una comunidad.",dba-sociales.pdf,32
CS-DBA-6-07-E4,CS-DBA-6-07,6,4,Plantea razones que permitan comprender la importancia de respetar las opiniones ajenas y aportar constructivamente a las discusiones en el grupo.,dba-sociales.pdf,32
CS-DBA-6-08-E1,CS-DBA-6-08,6,1,"Reconoce que las personas tenemos derecho a no ser discriminadas, a la luz de la Declaración Universal de los Derechos Humanos y de la Constitución Nacional de Colombia de 1991.",dba-sociales.pdf,32
CS-DBA-6-08-E2,CS-DBA-6-08,6,2,"Argumenta cómo los derechos de las personas se basan en el principio de la igualdad ante la ley, aunque cada uno viva y se exprese de manera diferente.",dba-sociales.pdf,32
CS-DBA-6-08-E3,CS-DBA-6-08,6,3,"Explica que pertenece a una sociedad multicultural y cómo ésta, ha contribuido a la construcción de su identidad (familia, colegio, barrio, región, país).",dba-sociales.pdf,32
CS-DBA-6-08-E4,CS-DBA-6-08,6,4,Reconoce a partir de situaciones de la vida cotidiana que el respeto hacia el otro es inherente a la condición humana.,dba-sociales.pdf,32
CS-DBA-7-01-E1,CS-DBA-7-01,7,1,Explica la importancia de los viajes de los exploradores del medioevo en la expansión del conocimiento del mundo.,dba-sociales.pdf,33
CS-DBA-7-01-E2,CS-DBA-7-01,7,2,Relaciona la concepción y representación del mundo que se tenía en la Edad Media influenciada por la Biblia con la cultura espacial europea y señala los cambios y las continuidades más relevantes.,dba-sociales.pdf,33
CS-DBA-7-01-E3,CS-DBA-7-01,7,3,"Compara las representaciones del mundo conocido en la Edad Media y el representado hoy desde los mapas e imágenes sateli tales y, describe el uso de la cartografía en la vida cotidiana de las personas.",dba-sociales.pdf,33
CS-DBA-7-01-E4,CS-DBA-7-01,7,4,"Argumenta que las representaciones del espacio son producto de las imágenes que se tienen del mundo y que se modifican con el tiempo (fotografías aéreas, imágenes de satélite).",dba-sociales.pdf,33
CS-DBA-7-02-E1,CS-DBA-7-02,7,1,"Reconoce y utiliza conceptos propios de la geografía urbana (desarrollo, crecimiento, conurbación, área metropolitana y planificación urbana) a partir de la observación directa de estos fenómenos en su contexto.",dba-sociales.pdf,34
CS-DBA-7-02-E2,CS-DBA-7-02,7,2,"Localiza en zonas de la ciudad o del municipio la concentración de fenómenos sociales como la pobreza, la violencia, los asentamientos informales y explica las posibles causas y consecuencias de estos.",dba-sociales.pdf,34
CS-DBA-7-02-E3,CS-DBA-7-02,7,3,Relaciona la industrialización y la migración del campo a la ciudad con los procesos de organización de las ciudades en Colombia en las últimas décadas.,dba-sociales.pdf,34
CS-DBA-7-02-E4,CS-DBA-7-02,7,4,"Compara las problemáticas urbanas más recurrentes de las ciudades actuales (contaminación, movilidad, sobrepoblación, falta de viviendas dignas, desempleo, inseguridad y migraciones internas) con algunas similares en otros períodos históricos.",dba-sociales.pdf,34
CS-DBA-7-03-E1,CS-DBA-7-03,7,1,"Reconoce el imperio romano como un sistema político, militar y económico que ejerció control territorial sobre gran parte de Europa y que influyó en la cultura latinoamericana.",dba-sociales.pdf,34
CS-DBA-7-03-E2,CS-DBA-7-03,7,2,"Describe el legado cultural del imperio romano en aspectos tales como el sistema político, el desarrollo de la infraestructura (vial, acueductos y puertos) y el comercio en diferentes lugares de Europa, norte de África y América Latina.",dba-sociales.pdf,34
CS-DBA-7-03-E3,CS-DBA-7-03,7,3,"Argumenta las razones que llevaron a la crisis del imperio romano, para identificar los factores que pueden incidir en la decadencia de un Estado hoy en día.",dba-sociales.pdf,34
CS-DBA-7-03-E4,CS-DBA-7-03,7,4,"Explica algunas actividades de la vida contemporánea que se inventaron en la antigua Roma (práctica de juegos públicos, el matrimonio, los gimnasios, uso de baños públicos,.. ) y cómo estas se han transformado con el paso de los siglos.",dba-sociales.pdf,34
CS-DBA-7-04-E1,CS-DBA-7-04,7,1,"Describe los principales eventos que identificaron las sociedades europeas en la Edad Media (lucha entre imperios, modelo económico feudal, poder económico y político de la iglesia, desigualdad social).",dba-sociales.pdf,35
CS-DBA-7-04-E2,CS-DBA-7-04,7,2,Reconoce la organización social de las culturas precolombinas en los períodos clásico y posclásico y señala similitudes y diferencias con las sociedades medievales de Europa.,dba-sociales.pdf,35
CS-DBA-7-04-E3,CS-DBA-7-04,7,3,"Compara características sociales, culturales y económicas de ciudades del año 1000 en el mundo como: París (Europa), Teotihuacán y Tikal (Centroamérica), Damasco (Asia) y El Cairo (Africa).",dba-sociales.pdf,35
CS-DBA-7-04-E4,CS-DBA-7-04,7,4,Argumenta las continuidades del ordenamiento político y social instaurado durante la Edad Media y las discontinuidades en el desarrollo de las culturas precolombinas con la llegada de los europeos a América.,dba-sociales.pdf,35
CS-DBA-7-05-E1,CS-DBA-7-05,7,1,"Describe algunos acontecimientos que dieron paso a la Modernidad e incidieron en un nuevo pensamiento político, social, económico e intelectual.",dba-sociales.pdf,35
CS-DBA-7-05-E2,CS-DBA-7-05,7,2,"Interpreta mapas temáticos en los que reconoce ciudades estratégicas de Europa en el contexto del Renacimiento, por su importancia económica y cultural.",dba-sociales.pdf,35
CS-DBA-7-05-E3,CS-DBA-7-05,7,3,Explica las implicaciones políticas y económicas que tuvo la Reforma protestante para Europa y América.,dba-sociales.pdf,35
CS-DBA-7-05-E4,CS-DBA-7-05,7,4,"Reconoce en las expresiones artísticas del Renacimiento (pintura, escultura y literatura) la vida cotidiana y la organización social de los pueblos.",dba-sociales.pdf,35
CS-DBA-7-06-E1,CS-DBA-7-06,7,1,"Describe los procesos de Conquista y colonización en América, llevados a cabo por españoles, portugueses, ingleses, franceses y holandeses.",dba-sociales.pdf,36
CS-DBA-7-06-E2,CS-DBA-7-06,7,2,"Explica los cambios y continuidades de las organizaciones sociales, políticas y económicas instauradas durante la época colonial en América.",dba-sociales.pdf,36
CS-DBA-7-06-E3,CS-DBA-7-06,7,3,"Interpreta las consecuencias demográficas, políticas y culturales que tuvo para los pueblos ancestrales la llegada de los europeos al continente americano.",dba-sociales.pdf,36
CS-DBA-7-06-E4,CS-DBA-7-06,7,4,Argumenta la importancia de la diversidad étnica y cultural del país como elemento constitutivo de la identidad de América Latina.,dba-sociales.pdf,36
CS-DBA-7-07-E1,CS-DBA-7-07,7,1,Compara la Declaración Universal de los Derechos Humanos con los derechos fundamentales enunciados en la Constitución.,dba-sociales.pdf,36
CS-DBA-7-07-E2,CS-DBA-7-07,7,2,Plantea soluciones alternativas a las problemáticas de discriminación que se evidencian en Colombia.,dba-sociales.pdf,36
CS-DBA-7-07-E3,CS-DBA-7-07,7,3,"Expresa una posición argumentada, a partir del estudio de casos y la norma constitucional frente a hechos o situaciones en los que se vulneran los derechos fundamentales.",dba-sociales.pdf,36
CS-DBA-7-07-E4,CS-DBA-7-07,7,4,Identifica en qué situaciones puede usar la tutela como mecanismo para la protección y defensa de los derechos.,dba-sociales.pdf,36
CS-DBA-7-08-E1,CS-DBA-7-08,7,1,Identifica las consecuencias de los conflictos en la vida cotidiana de las personas y plantea acciones para resolverlos de manera negociada.,dba-sociales.pdf,37
CS-DBA-7-08-E2,CS-DBA-7-08,7,2,"Reconoce los distintos puntos de vista de personas o grupos en una situación de conflicto, para plantear posibles alternativas de solución.",dba-sociales.pdf,37
CS-DBA-7-08-E3,CS-DBA-7-08,7,3,"Compara diferentes estrategias para la solución de conflictos, como la negociación, el arbitraje, la conciliación, la mediación escolar y el diálogo, para la construcción de escenarios de paz y el fortalecimiento de la dignidad de las personas.",dba-sociales.pdf,37
CS-DBA-7-08-E4,CS-DBA-7-08,7,4,Explica situaciones donde el conflicto se ha convertido en una oportunidad para aprender y fortalecer las relaciones interpersonales y sociales.,dba-sociales.pdf,37
CS-DBA-8-01-E1,CS-DBA-8-01,8,1,"Reconoce la constitución de la Unión Europea como un ejemplo de cooperación entre países, sus objetivos, integrantes y su influencia en el orden mundial.",dba-sociales.pdf,38
CS-DBA-8-01-E2,CS-DBA-8-01,8,2,"Describe diversas alianzas de cooperación dadas entre países: MERCOSUR (Suramérica), OTAN (Europa-América), NEPAD (Nueva Alianza para el desarrollo de África) y APEC (Foro de Cooperación Económica Asia-Pacífico).",dba-sociales.pdf,38
CS-DBA-8-01-E3,CS-DBA-8-01,8,3,Formula preguntas sobre cómo lograr el bienestar colectivo desde la cooperación y las alianzas internacionales.,dba-sociales.pdf,38
CS-DBA-8-01-E4,CS-DBA-8-01,8,4,Explica las relaciones económicas y políticas que Colombia sostiene hoy con otros países de la región y el resto del mundo.,dba-sociales.pdf,38
CS-DBA-8-02-E1,CS-DBA-8-02,8,1,Describe el fenómeno de las migraciones humanas que tienen lugar en la actualidad. hacia Europa y hacia América del norte y los países de procedencia.,dba-sociales.pdf,38
CS-DBA-8-02-E2,CS-DBA-8-02,8,2,"Reconoce los niveles en el Índice de Desarrollo Humano obtenidos por los diferentes países que reciben migrantes en campos como la educación, la salud y la seguridad.",dba-sociales.pdf,38
CS-DBA-8-02-E3,CS-DBA-8-02,8,3,"Explica las principales diferencias entre los países que atraen emigrantes y aquellos de donde salen, así como las consecuencias del fenómeno de las migraciones en las relaciones entre los países.",dba-sociales.pdf,38
CS-DBA-8-02-E4,CS-DBA-8-02,8,4,"Argumenta los aportes que han realizado los migrantes a los países que los reciben y a la humanidad en general, casos de algunos artistas, políticos, economistas y científicos naturales y sociales procedentes de otros países.",dba-sociales.pdf,38
CS-DBA-8-03-E1,CS-DBA-8-03,8,1,Describe las transformaciones que se produjeron en Europa a finales del siglo XVIII y durante el siglo XIX a partir del desarrollo del comercio y la industria dando paso al surgimiento y consolidación del capitalismo.,dba-sociales.pdf,39
CS-DBA-8-03-E2,CS-DBA-8-03,8,2,"Explica las características del sistema económico capitalista (propiedad privada, libre competencia, capital, consumo,....) y las ventajas o desventajas que trae para las sociedades que lo han asumido.",dba-sociales.pdf,39
CS-DBA-8-03-E3,CS-DBA-8-03,8,3,"Compara los sistemas económicos actuales (capitalista, socialista y el de economía mixta) desde ámbitos como: la propiedad, el consumo de los recursos, la planificación y el control del Estado.",dba-sociales.pdf,39
CS-DBA-8-03-E4,CS-DBA-8-03,8,4,"Reconoce las diferencias en el nivel de desarrollo económico, político y cultural entre los países de América Latina y de Europa, en la actualidad.",dba-sociales.pdf,39
CS-DBA-8-04-E1,CS-DBA-8-04,8,1,Describe la expansión y distribución territorial de los imperios europeos en Asia y África durante el siglo XIX e interpreta mapas temáticos.,dba-sociales.pdf,39
CS-DBA-8-04-E2,CS-DBA-8-04,8,2,Relaciona el crecimiento económico Europeo con la explotación de Asia y África durante el siglo XIX.,dba-sociales.pdf,39
CS-DBA-8-04-E3,CS-DBA-8-04,8,3,"Compara la influencia de los países colonialistas en el siglo XIX en ámbitos como el comercio y la industria manufacturera, con la que ejercen las actuales potencias mundiales en el sector financiero, las telecomunicaciones, y las nuevas tecnologías de la información.",dba-sociales.pdf,39
CS-DBA-8-04-E4,CS-DBA-8-04,8,4,"Explica la influencia actual de países como Estados Unidos en la dinámica económica, social y política de Colombia (Tratado del Libre Comercio, lucha contra las drogas, éxodo de colombianos,....).",dba-sociales.pdf,39
CS-DBA-8-05-E1,CS-DBA-8-05,8,1,Describe la influencia política y económica de las revoluciones Francesa e Industrial en los procesos de independencia de las colonias americanas.,dba-sociales.pdf,40
CS-DBA-8-05-E2,CS-DBA-8-05,8,2,"Reconoce los aportes de la Revolución Francesa en el campo político (Derechos del Hombre y del Ciudadano, soberanía popular, Constitución, división de poderes y estados nacionales).",dba-sociales.pdf,40
CS-DBA-8-05-E3,CS-DBA-8-05,8,3,"Compara la organización político-administrativa entre las colonias americanas que estuvieron bajo el dominio europeo: inglesas, españolas, francesas, holandesas y portuguesas.",dba-sociales.pdf,40
CS-DBA-8-05-E4,CS-DBA-8-05,8,4,"Argumenta acerca de las consecuencias que trae para los pueblos, en la actualidad, la intervención de algunos Estados más desarrollados en países con economías en desarrollo.",dba-sociales.pdf,40
CS-DBA-8-06-E1,CS-DBA-8-06,8,1,"Describe el papel del telégrafo, el correo, el ferrocarril, el barco de vapor, la industria textil y la electricidad en el desarrollo económico de Colombia.",dba-sociales.pdf,40
CS-DBA-8-06-E2,CS-DBA-8-06,8,2,Relaciona los procesos de industrialización dados en el país con los cambios sociales como el crecimiento de las ciudades y la diversificación de la economía.,dba-sociales.pdf,40
CS-DBA-8-06-E3,CS-DBA-8-06,8,3,Reconoce el papel de la Comisión Corográfica de Agustín Codazzi como un aporte a la planeación y gestión del territorio colombiano desde su representación cartográfica.,dba-sociales.pdf,40
CS-DBA-8-06-E4,CS-DBA-8-06,8,4,"Explica algunos problemas ambientales provocados por procesos de industrialización en Colombia y realiza conjeturas acerca de sus consecuencias a corto, mediano y largo plazo.",dba-sociales.pdf,40
CS-DBA-8-07-E1,CS-DBA-8-07,8,1,"Reconoce que la discriminación y la exclusión social son factores generadores de situaciones negativas como el deterioro de las relaciones entre personas o grupos, el incremento de la pobreza y la violencia, entre otras.",dba-sociales.pdf,41
CS-DBA-8-07-E2,CS-DBA-8-07,8,2,"Describe la situación actual, desde casos concretos, de la vulneración de los derechos fundamentales de las personas en Colombia.",dba-sociales.pdf,41
CS-DBA-8-07-E3,CS-DBA-8-07,8,3,"Explica algunas situaciones que develan prejuicios y estereotipos relacionados con la exclusión, la discriminación y la intolerancia a la diferencia, que han sufrido históricamente grupos como: mujeres, grupos étnicos minoritarios, homosexuales, personas con alguna condición de discapacidad.",dba-sociales.pdf,41
CS-DBA-8-07-E4,CS-DBA-8-07,8,4,Propone acciones para mejorar el cumplimiento de los Derechos Humanos y constitucionales en Colombia y en el mundo,dba-sociales.pdf,41
CS-DBA-8-08-E1,CS-DBA-8-08,8,1,"Describe el surgimiento de los movimientos sociales (campesinos, estudiantiles y obreros) acaecidos durante el siglo XX en Colombia.",dba-sociales.pdf,41
CS-DBA-8-08-E2,CS-DBA-8-08,8,2,"Explica algunas herramientas y procedimientos alternativos (diálogo, conciliación, arbitraje, mediación,..) con los se cuenta para resolver un conflicto social o laboral.",dba-sociales.pdf,41
CS-DBA-8-08-E3,CS-DBA-8-08,8,3,"Interpreta a partir de evidencias sobre casos concretos (negociaciones Gobierno Colombiano -FARC, huelgas del magisterio,...), como todo conflicto social o laboral, puede resolverse mediante la concertación entre las partes.",dba-sociales.pdf,41
CS-DBA-8-08-E4,CS-DBA-8-08,8,4,"Argumenta la importancia de un desarrollo social, económico y tecnológico, fundamentado en una lógica orientada al bienestar colectivo.",dba-sociales.pdf,41
CS-DBA-9-01-E1,CS-DBA-9-01,9,1,Reconoce la importancia que tienen para la sociedad colombiana los geosistemas biodiversos existentes en el territorio colombiano y los ubica geográficamente.,dba-sociales.pdf,42
CS-DBA-9-01-E2,CS-DBA-9-01,9,2,"Explica las consecuencias para la biodiversidad colombiana acciones como la ampliación de la frontera agrícola, el turismo desmedido y la explotación minera.",dba-sociales.pdf,42
CS-DBA-9-01-E3,CS-DBA-9-01,9,3,"Describe los niveles de deforestación observados en las selvas colombianas y la disminución de las áreas de páramo en nuestro país, así como su incidencia en el deterioro de las fuentes hídricas en Colombia.",dba-sociales.pdf,42
CS-DBA-9-01-E4,CS-DBA-9-01,9,4,"Argumenta acerca de las condiciones de otros geosistemas colombianos como los manglares, las sabanas, los ríos, las ciénagas, los humedales, los bosques secos, los embalses y los estuarios.",dba-sociales.pdf,42
CS-DBA-9-02-E1,CS-DBA-9-02,9,1,Identifica en la historia de Colombia las causas de los movimientos migratorios y su influencia en las condiciones de vida de la población actual del país.,dba-sociales.pdf,42
CS-DBA-9-02-E2,CS-DBA-9-02,9,2,Diferencia procesos de emigración e inmigración dados en Colombia en la actualidad.,dba-sociales.pdf,42
CS-DBA-9-02-E3,CS-DBA-9-02,9,3,"Relaciona los movimientos de la población (del campo a la ciudad, entre ciudades y al interior de la ciudad) con los cambios políticos, ambientales, laborales y sociales dados en el territorio colombiano en las últimas décadas.",dba-sociales.pdf,42
CS-DBA-9-02-E4,CS-DBA-9-02,9,4,"Explica desde situaciones de la vida cotidiana, las consecuencias económicas y sociales que tiene para el país el desplazamiento de las personas del campo a los centros urbanos.",dba-sociales.pdf,42
CS-DBA-9-03-E1,CS-DBA-9-03,9,1,"Caracteriza a través de estudios de caso algunas crisis económicas en Colombia (sustitución de importaciones, financiera e hipotecaria [UPAC], ruptura del pacto internacional del café, crisis internacional del petróleo).",dba-sociales.pdf,43
CS-DBA-9-03-E2,CS-DBA-9-03,9,2,"Establece algunas causas que han generado crisis económicas en Colombia, América Latina y el mundo, y sus efectos en la economía del hogar.",dba-sociales.pdf,43
CS-DBA-9-03-E3,CS-DBA-9-03,9,3,"Explica las consecuencias sociales de las crisis económicas en la vida diaria de las personas (desempleo, impuestos, canasta familiar, poder adquisitivo).",dba-sociales.pdf,43
CS-DBA-9-03-E4,CS-DBA-9-03,9,4,Plantea hipótesis de un futuro económico posible en que las personas vivan en mejores condiciones de vida.,dba-sociales.pdf,43
CS-DBA-9-04-E1,CS-DBA-9-04,9,1,"Explica los cambios del proceso de modernización en Colombia en la primera mitad del siglo XX: construcción de vías de comunicación, urbanización y desarrollo industrial.",dba-sociales.pdf,43
CS-DBA-9-04-E2,CS-DBA-9-04,9,2,"Relaciona el proceso de industrialización del país con el surgimiento de los sindicatos en la primera mitad del siglo XX, para el alcance de derechos de la clase trabajadora.",dba-sociales.pdf,43
CS-DBA-9-04-E3,CS-DBA-9-04,9,3,"Compara los hábitos de vida de las personas antes y después de la llegada al país del cine, la radio, la aviación comercial y los automóviles.",dba-sociales.pdf,43
CS-DBA-9-04-E4,CS-DBA-9-04,9,4,"Establece posibles relaciones entre los hechos sociales y políticos de la segunda mitad del siglo XX en Colombia y los que tienen lugar en la actualidad (partidos políticos, violencia política, conflicto armado, desplazamiento, narcotráfico, reformas constitucionales, apertura económica, corrupción, entre otros).",dba-sociales.pdf,43
CS-DBA-9-05-E1,CS-DBA-9-05,9,1,"Identifica los derechos constitucionales fundamentales, los derechos sociales, económicos y culturales y los derechos colectivos y del ambiente.",dba-sociales.pdf,44
CS-DBA-9-05-E2,CS-DBA-9-05,9,2,Examina las implicaciones que tiene para la democracia y la ciudadanía la vulneración de los Derechos Humanos (DD. HH.) y sugiere para su protección mecanismos constitucionales.,dba-sociales.pdf,44
CS-DBA-9-05-E3,CS-DBA-9-05,9,3,"Justifica el uso de los mecanismos de participación ciudadana: el voto, el plebiscito, el referendo, la consulta popular, el cabildo abierto, la iniciativa popular, la revocatoria del mandato.",dba-sociales.pdf,44
CS-DBA-9-05-E4,CS-DBA-9-05,9,4,"Explica mediante estudios de caso el papel que cumplen las autoridades que protegen los DD. HH. en Colombia (Procuraduría General de la Nación, Defensoría del Pueblo y personerías).",dba-sociales.pdf,44
CS-DBA-9-06-E1,CS-DBA-9-06,9,1,"Identifica la participación de las mujeres en la historia de Colombia en el ámbito político, académico, cultural, industrial y financiero.",dba-sociales.pdf,44
CS-DBA-9-06-E2,CS-DBA-9-06,9,2,"Caracteriza formas de violencia contra las mujeres en el país y en el mundo (psicológica, sexual, económica, doméstica, laboral, mediática y física) y propone alternativas para cambiarlas.",dba-sociales.pdf,44
CS-DBA-9-06-E3,CS-DBA-9-06,9,3,Explica las contribuciones de las mujeres en la construcción de una sociedad justa y creadora de una cultura de paz.,dba-sociales.pdf,44
CS-DBA-9-06-E4,CS-DBA-9-06,9,4,Propone acciones para que las diversas formas de identidad de género sean respetadas en el contexto del desarrollo de todas las potencialidades humanas.,dba-sociales.pdf,44
CS-DBA-9-07-E1,CS-DBA-9-07,9,1,Explica las consecuencias de aquellas acciones que pueden causar sufrimiento a otras personas.,dba-sociales.pdf,45
CS-DBA-9-07-E2,CS-DBA-9-07,9,2,Analiza los conflictos entre grupos con el fin de proponer alternativas de solución.,dba-sociales.pdf,45
CS-DBA-9-07-E3,CS-DBA-9-07,9,3,Plantea argumentos sobre los discursos que legitiman la violencia con el fin de rechazarlos como alternativa a la solución de los conflictos.,dba-sociales.pdf,45
CS-DBA-9-07-E4,CS-DBA-9-07,9,4,"Propone alternativas para la solución de conflictos que ocurren en las relaciones, incluyendo las de pareja, y que se pueden resolver a partir de la escucha y comprensión de los diferentes puntos de vista.",dba-sociales.pdf,45
CS-DBA-9-08-E1,CS-DBA-9-08,9,1,Reconoce cómo las condiciones geográficas regionales pueden influir en la construcción o no de infraestructuras y por ende en el crecimiento económico.,dba-sociales.pdf,45
CS-DBA-9-08-E2,CS-DBA-9-08,9,2,Compara las características que tienen las zonas con mejores índices de crecimiento económico respecto a aquellas con menor desarrollo.,dba-sociales.pdf,45
CS-DBA-9-08-E3,CS-DBA-9-08,9,3,"Relaciona la inversión social, la presencia de los gremios económicos y del Estado en aquellas regiones de menor índice de desarrollo humano en Colombia.",dba-sociales.pdf,45
CS-DBA-9-08-E4,CS-DBA-9-08,9,4,Explica posibles acciones a considerar en el mejoramiento del crecimiento de las regiones con menor índice de desarrollo humano.,dba-sociales.pdf,45
CS-DBA-10-01-E1,CS-DBA-10-01,10,1,Explica la disponibilidad y el uso del recurso hídrico en las diferentes regiones colombianas y los conflictos que se presentan en torno a este.,dba-sociales.pdf,46
CS-DBA-10-01-E2,CS-DBA-10-01,10,2,Diferencia los diversos tipos de contaminación que se presentan en el mundo y sugiere acciones orientadas hacia la sostenibilidad ambiental y la conciencia ecológica en la ciudadanía.,dba-sociales.pdf,46
CS-DBA-10-01-E3,CS-DBA-10-01,10,3,"Describe el impacto ambiental, económico, social y político que ha tenido la minería legal e ilegal, a partir del estudio de casos provenientes de distintas fuentes de información.",dba-sociales.pdf,46
CS-DBA-10-01-E4,CS-DBA-10-01,10,4,"Argumenta la pérdida de biodiversidad en el país a partir de la revisión de los informes del Ministerio del Medio Ambiente, las corporaciones autónomas regionales y/o las ONG dedicadas al tema.",dba-sociales.pdf,46
CS-DBA-10-02-E1,CS-DBA-10-02,10,1,"Establece semejanzas y diferencias entre los conflictos asociados a la convivencia social, a escala regional y nacional.",dba-sociales.pdf,46
CS-DBA-10-02-E2,CS-DBA-10-02,10,2,"Compara los diferentes tipos de violencia (directa, estructural y cultural) que generan los actores armados y sus repercusiones en la vida nacional.",dba-sociales.pdf,46
CS-DBA-10-02-E3,CS-DBA-10-02,10,3,Explica las características de la violencia ejercida en el contexto del conflicto armado en Colombia y cómo afecta la vida social y cultura.,dba-sociales.pdf,46
CS-DBA-10-02-E4,CS-DBA-10-02,10,4,Propone estrategias para utilizar el diálogo como recurso mediador en la solución de conflictos.,dba-sociales.pdf,46
CS-DBA-10-03-E1,CS-DBA-10-03,10,1,"Identifica formas de discriminación social, su origen y las consecuencias que generan en las sociedades actuales.",dba-sociales.pdf,47
CS-DBA-10-03-E2,CS-DBA-10-03,10,2,Explica la diversidad cultural y étnica como una característica de las sociedades actuales lo cual se constituye en una riqueza para la vida en comunidad.,dba-sociales.pdf,47
CS-DBA-10-03-E3,CS-DBA-10-03,10,3,"Compara los mecanismos de protección de DDHH (conciliación, acción de tutela, acciones populares, acción de cumplimiento).",dba-sociales.pdf,47
CS-DBA-10-03-E4,CS-DBA-10-03,10,4,"Argumenta por qué es necesario rechazar las formas de discriminación, exclusión social o violencia que se observan en el mundo hoy.",dba-sociales.pdf,47
CS-DBA-10-04-E1,CS-DBA-10-04,10,1,"Describe las características demográficas, económicas, sociales, políticas y culturales de las sociedades actuales, en el marco de una sociedad de la información y bajo el paradigma de la globalización.",dba-sociales.pdf,47
CS-DBA-10-04-E2,CS-DBA-10-04,10,2,"Reconoce el papel de los organismos multilaterales en la formulación de políticas económicas, jurídicas, ambientales y educativas para los países que hacen parte de estas organizaciones.",dba-sociales.pdf,47
CS-DBA-10-04-E3,CS-DBA-10-04,10,3,"Explica cómo los organismos multilaterales de los que hace parte Colombia, inciden en sus políticas internas, desde el reconocimiento de las ventajas y desventajas que tiene el pertenecer a estos.",dba-sociales.pdf,47
CS-DBA-10-04-E4,CS-DBA-10-04,10,4,"Argumenta el papel desempeñado por los organismos e instituciones nacionales e internacionales, en el mantenimiento del bienestar, la paz de los Estados y los Derechos Humanos.",dba-sociales.pdf,47
CS-DBA-10-05-E1,CS-DBA-10-05,10,1,"Reconoce los avances militares, tecnológicos y científicos que las potencias utilizaron durante las dos Guerras Mundiales y otros conflictos acaecidos en el siglo XX y asume una posición crítica frente a estos.",dba-sociales.pdf,48
CS-DBA-10-05-E2,CS-DBA-10-05,10,2,Describe el desarrollo histórico de las guerras mundiales y las consecuencias sociales que estos enfrentamientos provocaron para la humanidad.,dba-sociales.pdf,48
CS-DBA-10-05-E3,CS-DBA-10-05,10,3,Explica y representa las transformaciones geopolíticas que se dieron en el mundo después de las guerras mundiales desde la interpretación de mapas temáticos.,dba-sociales.pdf,48
CS-DBA-10-05-E4,CS-DBA-10-05,10,4,Argumenta acerca de las causas directas e indirectas que determinaron el inicio de los conflictos bélicos mundiales.,dba-sociales.pdf,48
CS-DBA-11-01-E1,CS-DBA-11-01,11,1,Describe las razones económicas y políticas que sustentan aquellos países que más influyen en el problema del calentamiento global para no cambiar sus prácticas.,dba-sociales.pdf,49
CS-DBA-11-01-E2,CS-DBA-11-01,11,2,"Reconoce acciones y propuestas que ha creado la Organización de Naciones Unidas -ONU- (Protocolos ambientales y Cumbres de la Tierra), para evitar los efectos del calentamiento global en el mundo.",dba-sociales.pdf,49
CS-DBA-11-01-E3,CS-DBA-11-01,11,3,Explica las acciones que se sugieren desde las instituciones y organizaciones ambientales en Colombia para disminuir los efectos del calentamiento global.,dba-sociales.pdf,49
CS-DBA-11-01-E4,CS-DBA-11-01,11,4,Propone acciones a seguir para disminuir las causas y los efectos actuales del calentamiento global y el futuro en la vida del planeta.,dba-sociales.pdf,49
CS-DBA-11-02-E1,CS-DBA-11-02,11,1,"Reconoce los principales conflictos sociales y políticos vividos en Colombia en las últimas décadas, a partir de la memoria histórica.",dba-sociales.pdf,49
CS-DBA-11-02-E2,CS-DBA-11-02,11,2,"Explica la importancia que tiene para una sociedad la resolución pacífica de sus conflictos y el respeto por las diferencias políticas, ideológicas, de género, religiosas, étnicas o intereses económicos.",dba-sociales.pdf,49
CS-DBA-11-02-E3,CS-DBA-11-02,11,3,"Describe las implicaciones que tiene para las sociedades democráticas considerar la justicia, la verdad, el perdón y la reparación de las víctimas en los procesos de paz.",dba-sociales.pdf,49
CS-DBA-11-02-E4,CS-DBA-11-02,11,4,"Argumenta razones para defender la búsqueda de la paz como un deber ético, moral y constitucional en el que se requiere el compromiso de todos los ciudadanos.",dba-sociales.pdf,49
CS-DBA-11-03-E1,CS-DBA-11-03,11,1,"Caracteriza algunos conflictos geopolíticos contemporáneos ocurridos en distintos continentes por la disputa de recursos naturales, intereses económicos, ideológicos y religiosos.",dba-sociales.pdf,50
CS-DBA-11-03-E2,CS-DBA-11-03,11,2,Reconoce que en las relaciones internacionales existen dinámicas geopolíticas que tienen implicaciones en las poblaciones fronterizas mediante el análisis de casos recientes.,dba-sociales.pdf,50
CS-DBA-11-03-E3,CS-DBA-11-03,11,3,"Describe los intereses políticos, económicos e ideológicos de las grandes potencias que afectan las relaciones internacionales en la actualidad.",dba-sociales.pdf,50
CS-DBA-11-03-E4,CS-DBA-11-03,11,4,"Argumenta las consecuencias sociales que generan los conflictos internacionales como el desplazamiento forzado, los refugiados y el genocidio de naciones.",dba-sociales.pdf,50
CS-DBA-11-04-E1,CS-DBA-11-04,11,1,"Reconoce las características fundamentales de los dos bloques hegemónicos (Capitalista- Comunista), como sistemas políticos y económicos que se consolidaron en el marco de la Guerra Fría.",dba-sociales.pdf,50
CS-DBA-11-04-E2,CS-DBA-11-04,11,2,Explica las implicaciones que trajo a la vida cotidiana de los pueblos el que sus países hicieran parte de uno u otro bloque.,dba-sociales.pdf,50
CS-DBA-11-04-E3,CS-DBA-11-04,11,3,"Interpreta las repercusiones sociales, políticas y económicas que la Guerra Fría tuvo para Latinoamérica en casos como la revolución cubana, el surgimiento de las dictaduras, las guerrillas y el intervencionismo.",dba-sociales.pdf,50
CS-DBA-11-04-E4,CS-DBA-11-04,11,4,Plantea argumentos acerca de las amenazas constantes con armas de destrucción masiva por parte de las potencias vencedoras en la segunda Guerra Mundial y establece relaciones con las tensiones mundiales en la actualidad.,dba-sociales.pdf,50
CS-DBA-11-05-E1,CS-DBA-11-05,11,1,Reconoce las características de la globalización económica y política en el mundo contemporáneo y las tensiones que ha generado en las comunidades nacionales.,dba-sociales.pdf,51
CS-DBA-11-05-E2,CS-DBA-11-05,11,2,"Explica y sitúa los bloques económicos y los tratados de integración que se han configurado en los últimos años, así como las consecuencias que estos han traído para Colombia y América Latina.",dba-sociales.pdf,51
CS-DBA-11-05-E3,CS-DBA-11-05,11,3,"Describe las ventajas y desventajas económicas, políticas y sociales que tiene el proceso de globalización en las sociedades actuales.",dba-sociales.pdf,51
CS-DBA-11-05-E4,CS-DBA-11-05,11,4,"Argumenta acerca del papel de las organizaciones políticas y económicas en la integración de los países latinoamericanos (Mercosur, El Alba, Alianza del Pacífico y Unasur, entre otros).",dba-sociales.pdf,51
