codigo,grado,numero,enunciado,fuente,pagina_pdf
CN-DBA-1-01,1,1,"Comprende que los sentidos le permiten percibir algunas características de los objetos que nos rodean (temperatura, sabor, sonidos, olor, color, texturas y formas).",dba-naturales.pdf,8
CN-DBA-1-02,1,2,"Comprende que existe una gran variedad de materiales y que éstos se utilizan para distintos fines, según sus características (longitud, dureza, flexibilidad, permeabilidad al agua, solubilidad, ductilidad, maleabilidad, color, sabor, textura).",dba-naturales.pdf,8
CN-DBA-1-03,1,3,"Comprende que los seres vivos (plantas y animales) tienen características comunes (se alimentan, respiran, tienen un ciclo de vida, responden al entorno) y los diferencia de los objetos inertes.",dba-naturales.pdf,9
CN-DBA-1-04,1,4,Comprende que su cuerpo experimenta constantes cambios a lo largo del tiempo y reconoce a partir de su comparación que tiene características similares y diferentes a las de sus padres y compañeros.,dba-naturales.pdf,9
CN-DBA-2-01,2,1,"Comprende que una acción mecánica (fuerza) puede producir distintas deformaciones en un objeto, y que este resiste a las fuerzas de diferente modo, de acuerdo con el material del que está hecho.",dba-naturales.pdf,10
CN-DBA-2-02,2,2,"Comprende que las sustancias pueden encontrarse en distintos estados (sólido, líquido y gaseoso).",dba-naturales.pdf,10
CN-DBA-2-03,2,3,"Comprende la relación entre las características físicas de plantas y animales con los ambientes en donde viven, teniendo en cuenta sus necesidades básicas (luz, agua, aire, suelo, nutrientes, desplazamiento y protección).",dba-naturales.pdf,11
CN-DBA-2-04,2,4,"Explica los procesos de cambios físicos que ocurren en el ciclo de vida de plantas y animales de su entorno, en un período de tiempo determinado.",dba-naturales.pdf,11
CN-DBA-3-01,3,1,"Comprende la forma en que se propaga la luz a través de diferentes materiales (opacos, transparentes como el aire, translúcidos como el papel y reflectivos como el espejo).",dba-naturales.pdf,12
CN-DBA-3-02,3,2,"Comprende la forma en que se produce la sombra y la relación de su tamaño con las distancias entre la fuente de luz, el objeto interpuesto y el lugar donde se produce la sombra.",dba-naturales.pdf,12
CN-DBA-3-03,3,3,"Comprende la naturaleza (fenómeno de la vibración) y las características del sonido (altura, timbre, intensidad) y que este se propaga en distintos medios (sólidos, líquidos, gaseosos).",dba-naturales.pdf,13
CN-DBA-3-04,3,4,"Comprende la influencia de la variación de la temperatura en los cambios de estado de la materia, considerando como ejemplo el caso del agua.",dba-naturales.pdf,13
CN-DBA-3-05,3,5,"Explica la influencia de los factores abióticos (luz, temperatura, suelo y aire) en el desarrollo de los factores bióticos (fauna y flora) de un ecosistema.",dba-naturales.pdf,14
CN-DBA-3-06,3,6,Comprende las relaciones de los seres vivos con otros organismos de su entorno (intra e interespecíficas) y las explica como esenciales para su supervivencia en un ambiente determinado.,dba-naturales.pdf,14
CN-DBA-4-01,4,1,Comprende que la magnitud y la dirección en que se aplica una fuerza puede producir cambios en la forma como se mueve un objeto (dirección y rapidez).,dba-naturales.pdf,15
CN-DBA-4-02,4,2,Comprende los efectos y las ventajas de utilizar máquinas simples en diferentes tareas que requieren la aplicación de una fuerza.,dba-naturales.pdf,15
CN-DBA-4-03,4,3,Comprende que el fenómeno del día y la noche se debe a que la Tierra rota sobre su eje y en consecuencia el sol sólo ilumina la mitad de su superficie.,dba-naturales.pdf,16
CN-DBA-4-04,4,4,"Comprende que las fases de la Luna se deben a la posición relativa del Sol, la Luna y la Tierra a lo largo del mes.",dba-naturales.pdf,16
CN-DBA-4-05,4,5,"Comprende que existen distintos tipos de mezclas (homogéneas y heterogéneas) que de acuerdo con los materiales que las componen pueden separarse mediante diferentes técnicas (filtración, tamizado, decantación, evaporación).",dba-naturales.pdf,16
CN-DBA-4-06,4,6,Comprende que los organismos cumplen distintas funciones en cada uno de los niveles tróficos y que las relaciones entre ellos pueden representarse en cadenas y redes alimenticias.,dba-naturales.pdf,17
CN-DBA-4-07,4,7,"Comprende que existen distintos tipos de ecosistemas (terrestres y acuáticos) y que sus características físicas (temperatura, humedad, tipos de suelo, altitud) permiten que habiten en ellos diferentes seres vivos.",dba-naturales.pdf,18
CN-DBA-5-01,5,1,"Comprende que un circuito eléctrico básico está formado por un generador o fuente (pila), conductores (cables) y uno o más dispositivos (bombillos, motores, timbres), que deben estar conectados apropiadamente (por sus dos polos) para que funcionen y produzcan diferentes efectos.",dba-naturales.pdf,19
CN-DBA-5-02,5,2,Comprende que algunos materiales son buenos conductores de la corriente eléctrica y otros no (denominados aislantes) y que el paso de la corriente siempre genera calor.,dba-naturales.pdf,19
CN-DBA-5-03,5,3,"Comprende que los sistemas del cuerpo humano están formados por órganos, tejidos y células y que la estructura de cada tipo de célula está relacionada con la función del tejido que forman.",dba-naturales.pdf,20
CN-DBA-5-04,5,4,"Comprende que en los seres humanos (y en muchos otros animales) la nutrición involucra el funcionamiento integrado de un conjunto de sistemas de órganos: digestivo, respiratorio y circulatorio.",dba-naturales.pdf,20
CN-DBA-6-01,6,1,Comprende cómo los cuerpos pueden ser cargados eléctricamente asociando esta carga a efectos de atracción y repulsión.,dba-naturales.pdf,21
CN-DBA-6-02,6,2,"Comprende que la temperatura (T) y la presión (P) influyen en algunas propiedades fisicoquímicas (solubilidad, viscosidad, densidad, puntos de ebullición y fusión) de las sustancias, y que estas pueden ser aprovechadas en las técnicas de separación de mezclas.",dba-naturales.pdf,21
CN-DBA-6-03,6,3,Comprende la clasificación de los materiales a partir de grupos de sustancias (elementos y compuestos) y mezclas (homogéneas y heterogéneas).,dba-naturales.pdf,22
CN-DBA-6-04,6,4,"Comprende algunas de las funciones básicas de la célula (transporte de membrana, obtención de energía y división celular) a partir del análisis de su estructura.",dba-naturales.pdf,22
CN-DBA-6-05,6,5,"Comprende la clasificación de los organismos en grupos taxonómicos, de acuerdo con el tipo de células que poseen y reconoce la diversidad de especies que constituyen nuestro planeta y las relaciones de parentesco entre ellas.",dba-naturales.pdf,23
CN-DBA-7-01,7,1,"Comprende las formas y las transformaciones de energía en un sistema mecánico y la manera como, en los casos reales, la energía se disipa en el medio (calor, sonido).",dba-naturales.pdf,24
CN-DBA-7-02,7,2,Explica cómo las sustancias se forman a partir de la interacción de los elementos y que estos se encuentran agrupados en un sistema periódico.,dba-naturales.pdf,24
CN-DBA-7-03,7,3,"Comprende que en las cadenas y redes tróficas existen flujos de materia y energía, y los relaciona con procesos de nutrición, fotosíntesis y respiración celular.",dba-naturales.pdf,25
CN-DBA-7-04,7,4,"Comprende la relación entre los ciclos del carbono, el nitrógeno y del agua, explicando su importancia en el mantenimiento de los ecosistemas.",dba-naturales.pdf,25
CN-DBA-8-01,8,1,"Comprende el funcionamiento de máquinas térmicas (motores de combustión, refrigeración) por medio de las leyes de la termodinámica (primera y segunda ley).",dba-naturales.pdf,27
CN-DBA-8-02,8,2,"Comprende que en una reacción química se recombinan los átomos de las moléculas de los reactivos para generar productos nuevos, y que dichos productos se forman a partir de fuerzas intramoleculares (enlaces iónicos y covalentes).",dba-naturales.pdf,27
CN-DBA-8-03,8,3,"Comprende que el comportamiento de un gas ideal está determinado por las relaciones entre Temperatura (T), Presión (P), Volumen (V) y Cantidad de sustancia (n).",dba-naturales.pdf,28
CN-DBA-8-04,8,4,"Analiza relaciones entre sistemas de órganos (excretor, inmune, nervioso, endocrino, óseo y muscular) con los procesos de regulación de las funciones en los seres vivos.",dba-naturales.pdf,28
CN-DBA-8-05,8,5,"Analiza la reproducción (asexual, sexual) de distintos grupos de seres vivos y su importancia para la preservación de la vida en el planeta.",dba-naturales.pdf,29
CN-DBA-9-01,9,1,"Comprende que el movimiento de un cuerpo, en un marco de referencia inercial dado, se puede describir con gráficos y predecir por medio de expresiones matemáticas.",dba-naturales.pdf,30
CN-DBA-9-02,9,2,Comprende que la acidez y la basicidad son propiedades químicas de algunas sustancias y las relaciona con su importancia biológica y su uso cotidiano e industrial.,dba-naturales.pdf,30
CN-DBA-9-03,9,3,"Analiza las relaciones cuantitativas entre solutos y solventes, así como los factores que afectan la formación de soluciones.",dba-naturales.pdf,31
CN-DBA-9-04,9,4,Comprende la forma en que los principios genéticos mendelianos y post-mendelianos explican la herencia y el mejoramiento de las especies existentes.,dba-naturales.pdf,31
CN-DBA-9-05,9,5,"Explica la forma como se expresa la información genética contenida en el –ADN–, relacionando su expresión con los fenotipos de los organismos y reconoce su capacidad de modificación a lo largo del tiempo (por mutaciones y otros cambios), como un factor determinante en la generación de diversidad del planeta y en la evolución de las especies.",dba-naturales.pdf,32
CN-DBA-9-06,9,6,Analiza teorías científicas sobre el origen de las especies (selección natural y ancestro común) como modelos científicos que sustentan sus explicaciones desde diferentes evidencias y argumentaciones.,dba-naturales.pdf,33
CN-DBA-10-01,10,1,"Comprende, que el reposo o el movimiento rectilíneo uniforme, se presentan cuando las fuerzas aplicadas sobre el sistema se anulan entre ellas, y que en presencia de fuerzas resultantes no nulas se producen cambios de velocidad.",dba-naturales.pdf,34
CN-DBA-10-02,10,2,"Comprende la conservación de la energía mecánica como un principio que permite cuantificar y explicar diferentes fenómenos mecánicos: choques entre cuerpos, movimiento pendular, caída libre, deformación de un sistema masa-resorte.",dba-naturales.pdf,34
CN-DBA-10-03,10,3,"Comprende que los diferentes mecanismos de reacción química (oxido-reducción, descomposición, neutralización y precipitación) posibilitan la formación de compuestos inorgánicos.",dba-naturales.pdf,35
CN-DBA-10-04,10,4,"Comprende que la biotecnología conlleva el uso y manipulación de la información genética a través de distintas técnicas (fertilización asistida, clonación reproductiva y terapéutica, modificación genética, terapias génicas), y que tiene implicaciones sociales, bioéticas y ambientales.",dba-naturales.pdf,35
CN-DBA-11-01,11,1,"Comprende la naturaleza de la propagación del sonido y de la luz como fenómenos ondulatorios (ondas mecánicas y electromagnéticas, respectivamente).",dba-naturales.pdf,37
CN-DBA-11-02,11,2,Comprende que la interacción de las cargas en reposo genera fuerzas eléctricas y que cuando las cargas están en movimiento genera fuerzas magnéticas.,dba-naturales.pdf,37
CN-DBA-11-03,11,3,"Comprende las relaciones entre corriente y voltaje en circuitos resistivos sencillos en serie, en paralelo y mixtos.",dba-naturales.pdf,38
CN-DBA-11-04,11,4,"Comprende que los diferentes mecanismos de reacción química (oxido-reducción, homólisis, heterólisis y pericíclicas) posibilitan la formación de distintos tipos de compuestos orgánicos.",dba-naturales.pdf,38
