codigo,grado_desde,grado_hasta,eje,eje_nombre,orden,texto,fuente,pagina_pdf
MAT-EBC-1.3-PN-01,1,3,PN,PENSAMIENTO NUMÉRICO Y SISTEMAS NUMÉRICOS,1,"Reconozco significados del número en diferentes contextos (medición, conteo, comparación, codificación, localización entre otros).",estandares-matematicas.pdf,35
MAT-EBC-1.3-PN-02,1,3,PN,PENSAMIENTO NUMÉRICO Y SISTEMAS NUMÉRICOS,2,"Describo, comparo y cuantifico situaciones con números, en diferentes contextos y con diversas representaciones.",estandares-matematicas.pdf,35
MAT-EBC-1.3-PN-03,1,3,PN,PENSAMIENTO NUMÉRICO Y SISTEMAS NUMÉRICOS,3,Describo situaciones que requieren el uso de medidas relativas.,estandares-matematicas.pdf,35
MAT-EBC-1.3-PN-04,1,3,PN,PENSAMIENTO NUMÉRICO Y SISTEMAS NUMÉRICOS,4,Describo situaciones de medición utilizando fracciones comunes.,estandares-matematicas.pdf,35
MAT-EBC-1.3-PN-05,1,3,PN,PENSAMIENTO NUMÉRICO Y SISTEMAS NUMÉRICOS,5,Uso representaciones –principalmente concretas y pictóricas– para explicar el valor de posición en el sistema de numeración decimal.,estandares-matematicas.pdf,35
MAT-EBC-1.3-PN-06,1,3,PN,PENSAMIENTO NUMÉRICO Y SISTEMAS NUMÉRICOS,6,Uso representaciones –principalmente concretas y pictóricas– para realizar equivalencias de un número en las diferentes unidades del sistema decimal.,estandares-matematicas.pdf,35
MAT-EBC-1.3-PN-07,1,3,PN,PENSAMIENTO NUMÉRICO Y SISTEMAS NUMÉRICOS,7,"Reconozco propiedades de los números (ser par, ser impar, etc.) y relaciones entre ellos (ser mayor que, ser menor que, ser múltiplo de, ser divisible por, etc.) en diferentes contextos.",estandares-matematicas.pdf,35
MAT-EBC-1.3-PN-08,1,3,PN,PENSAMIENTO NUMÉRICO Y SISTEMAS NUMÉRICOS,8,Resuelvo y formulo problemas en situaciones aditivas de composición y de transformación.,estandares-matematicas.pdf,35
MAT-EBC-1.3-PN-09,1,3,PN,PENSAMIENTO NUMÉRICO Y SISTEMAS NUMÉRICOS,9,Resuelvo y formulo problemas en situaciones de variación proporcional.,estandares-matematicas.pdf,35
MAT-EBC-1.3-PN-10,1,3,PN,PENSAMIENTO NUMÉRICO Y SISTEMAS NUMÉRICOS,10,Uso diversas estrategias de cálculo (especialmente cálculo mental) y de estimación para resolver problemas en situaciones aditivas y multiplicativas.,estandares-matematicas.pdf,35
MAT-EBC-1.3-PN-11,1,3,PN,PENSAMIENTO NUMÉRICO Y SISTEMAS NUMÉRICOS,11,"Identifico, si a la luz de los datos de un problema, los resultados obtenidos son o no razonables.",estandares-matematicas.pdf,35
MAT-EBC-1.3-PN-12,1,3,PN,PENSAMIENTO NUMÉRICO Y SISTEMAS NUMÉRICOS,12,"Identifico regularidades y propiedades de los números utilizando diferentes instrumentos de cálculo (calculadoras, ábacos, bloques multibase, etc.).",estandares-matematicas.pdf,35
MAT-EBC-1.3-PE-01,1,3,PE,PENSAMIENTO ESPACIAL Y SISTEMAS GEOMÉTRICOS,1,Diferencio atributos y propiedades de objetos tridimensionales.,estandares-matematicas.pdf,35
MAT-EBC-1.3-PE-02,1,3,PE,PENSAMIENTO ESPACIAL Y SISTEMAS GEOMÉTRICOS,2,Dibujo y describo cuerpos o figuras tridimensionales en distintas posiciones y tamaños.,estandares-matematicas.pdf,35
MAT-EBC-1.3-PE-03,1,3,PE,PENSAMIENTO ESPACIAL Y SISTEMAS GEOMÉTRICOS,3,"Reconozco nociones de horizontalidad, verticalidad, paralelismo y perpendicularidad en distintos contextos y su condición relativa con respecto a diferentes sistemas de referencia.",estandares-matematicas.pdf,35
MAT-EBC-1.3-PE-04,1,3,PE,PENSAMIENTO ESPACIAL Y SISTEMAS GEOMÉTRICOS,4,Represento el espacio circundante para establecer relaciones espaciales.,estandares-matematicas.pdf,35
MAT-EBC-1.3-PE-05,1,3,PE,PENSAMIENTO ESPACIAL Y SISTEMAS GEOMÉTRICOS,5,Reconozco y aplico traslaciones y giros sobre una figura.,estandares-matematicas.pdf,35
MAT-EBC-1.3-PE-06,1,3,PE,PENSAMIENTO ESPACIAL Y SISTEMAS GEOMÉTRICOS,6,Reconozco y valoro simetrías en distintos aspectos del arte y el diseño.,estandares-matematicas.pdf,35
MAT-EBC-1.3-PE-07,1,3,PE,PENSAMIENTO ESPACIAL Y SISTEMAS GEOMÉTRICOS,7,"Reconozco congruencia y semejanza entre figuras (ampliar, reducir).",estandares-matematicas.pdf,35
MAT-EBC-1.3-PE-08,1,3,PE,PENSAMIENTO ESPACIAL Y SISTEMAS GEOMÉTRICOS,8,Realizo construcciones y diseños utilizando cuerpos y figuras geométricas tridimensionales y dibujos o figuras geométricas bidimensionales.,estandares-matematicas.pdf,35
MAT-EBC-1.3-PE-09,1,3,PE,PENSAMIENTO ESPACIAL Y SISTEMAS GEOMÉTRICOS,9,"Desarrollo habilidades para relacionar dirección, distancia y posición en el espacio.",estandares-matematicas.pdf,35
MAT-EBC-1.3-PM-01,1,3,PM,PENSAMIENTO MÉTRICO Y SISTEMAS DE MEDIDAS,1,"Reconozco en los objetos propiedades o atributos que se puedan medir (longitud, área, volumen, capacidad, peso y masa) y, en los eventos, su duración.",estandares-matematicas.pdf,36
MAT-EBC-1.3-PM-02,1,3,PM,PENSAMIENTO MÉTRICO Y SISTEMAS DE MEDIDAS,2,Comparo y ordeno objetos respecto a atributos medibles.,estandares-matematicas.pdf,36
MAT-EBC-1.3-PM-03,1,3,PM,PENSAMIENTO MÉTRICO Y SISTEMAS DE MEDIDAS,3,"Realizo y describo procesos de medición con patrones arbitrarios y algunos estandarizados, de acuerdo al contexto.",estandares-matematicas.pdf,36
MAT-EBC-1.3-PM-04,1,3,PM,PENSAMIENTO MÉTRICO Y SISTEMAS DE MEDIDAS,4,Analizo y explico sobre la pertinencia de patrones e instrumentos en procesos de medición.,estandares-matematicas.pdf,36
MAT-EBC-1.3-PM-05,1,3,PM,PENSAMIENTO MÉTRICO Y SISTEMAS DE MEDIDAS,5,"Realizo estimaciones de medidas requeridas en la resolución de problemas relativos particularmente a la vida social, económica y de las ciencias.",estandares-matematicas.pdf,36
MAT-EBC-1.3-PM-06,1,3,PM,PENSAMIENTO MÉTRICO Y SISTEMAS DE MEDIDAS,6,Reconozco el uso de las magnitudes y sus unidades de medida en situaciones aditivas y multiplicativas.,estandares-matematicas.pdf,36
MAT-EBC-1.3-PA-01,1,3,PA,PENSAMIENTO ALEATORIO Y SISTEMAS DE DATOS,1,Clasifico y organizo datos de acuerdo a cualidades y atributos y los presento en tablas.,estandares-matematicas.pdf,36
MAT-EBC-1.3-PA-02,1,3,PA,PENSAMIENTO ALEATORIO Y SISTEMAS DE DATOS,2,Interpreto cualitativamente datos referidos a situaciones del entorno escolar.,estandares-matematicas.pdf,36
MAT-EBC-1.3-PA-03,1,3,PA,PENSAMIENTO ALEATORIO Y SISTEMAS DE DATOS,3,Describo situaciones o eventos a partir de un conjunto de datos.,estandares-matematicas.pdf,36
MAT-EBC-1.3-PA-04,1,3,PA,PENSAMIENTO ALEATORIO Y SISTEMAS DE DATOS,4,"Represento datos relativos a mi entorno usando objetos concretos, pictogramas y diagramas de barras.",estandares-matematicas.pdf,36
MAT-EBC-1.3-PA-05,1,3,PA,PENSAMIENTO ALEATORIO Y SISTEMAS DE DATOS,5,Identifico regularidades y tendencias en un conjunto de datos.,estandares-matematicas.pdf,36
MAT-EBC-1.3-PA-06,1,3,PA,PENSAMIENTO ALEATORIO Y SISTEMAS DE DATOS,6,Explico –desde mi experiencia– la posibilidad o imposibilidad de ocurrencia de eventos cotidianos.,estandares-matematicas.pdf,36
MAT-EBC-1.3-PA-07,1,3,PA,PENSAMIENTO ALEATORIO Y SISTEMAS DE DATOS,7,Predigo si la posibilidad de ocurrencia de un evento es mayor que la de otro.,estandares-matematicas.pdf,36
MAT-EBC-1.3-PA-08,1,3,PA,PENSAMIENTO ALEATORIO Y SISTEMAS DE DATOS,8,Resuelvo y formulo preguntas que requieran para su solución coleccionar y analizar datos del entorno próximo.,estandares-matematicas.pdf,36
MAT-EBC-1.3-PV-01,1,3,PV,PENSAMIENTO VARIACIONAL Y SISTEMAS ALGEBRAICOS Y ANALÍTICOS,1,"Reconozco y describo regularidades y patrones en distintos contextos (numérico, geométrico, musical, entre otros).",estandares-matematicas.pdf,36
MAT-EBC-1.3-PV-02,1,3,PV,PENSAMIENTO VARIACIONAL Y SISTEMAS ALGEBRAICOS Y ANALÍTICOS,2,"Describo cualitativamente situaciones de cambio y variación utilizando el lenguaje natural, dibujos y gráficas.",estandares-matematicas.pdf,36
MAT-EBC-1.3-PV-03,1,3,PV,PENSAMIENTO VARIACIONAL Y SISTEMAS ALGEBRAICOS Y ANALÍTICOS,3,Reconozco y genero equivalencias entre expresiones numéricas y describo cómo cambian los símbolos aunque el valor siga igual.,estandares-matematicas.pdf,36
MAT-EBC-1.3-PV-04,1,3,PV,PENSAMIENTO VARIACIONAL Y SISTEMAS ALGEBRAICOS Y ANALÍTICOS,4,Construyo secuencias numéricas y geométricas utilizando propiedades de los números y de las figuras geométricas.,estandares-matematicas.pdf,36
MAT-EBC-4.5-PN-01,4,5,PN,PENSAMIENTO NUMÉRICO Y SISTEMAS NUMÉRICOS,1,"Interpreto las fracciones en diferentes contextos: situaciones de medición, relaciones parte todo, cociente, razones y proporciones.",estandares-matematicas.pdf,37
MAT-EBC-4.5-PN-02,4,5,PN,PENSAMIENTO NUMÉRICO Y SISTEMAS NUMÉRICOS,2,Identifico y uso medidas relativas en distintos contextos.,estandares-matematicas.pdf,37
MAT-EBC-4.5-PN-03,4,5,PN,PENSAMIENTO NUMÉRICO Y SISTEMAS NUMÉRICOS,3,Utilizo la notación decimal para expresar fracciones en diferentes contextos y relaciono estas dos notaciones con la de los porcentajes.,estandares-matematicas.pdf,37
MAT-EBC-4.5-PN-04,4,5,PN,PENSAMIENTO NUMÉRICO Y SISTEMAS NUMÉRICOS,4,Justifico el valor de posición en el sistema de numeración decimal en relación con el conteo recurrente de unidades.,estandares-matematicas.pdf,37
MAT-EBC-4.5-PN-05,4,5,PN,PENSAMIENTO NUMÉRICO Y SISTEMAS NUMÉRICOS,5,Resuelvo y formulo problemas cuya estrategia de solución requiera de las relaciones y propiedades de los números naturales y sus operaciones.,estandares-matematicas.pdf,37
MAT-EBC-4.5-PN-06,4,5,PN,PENSAMIENTO NUMÉRICO Y SISTEMAS NUMÉRICOS,6,"Resuelvo y formulo problemas en situaciones aditivas de composición, transformación, comparación e igualación.",estandares-matematicas.pdf,37
MAT-EBC-4.5-PN-07,4,5,PN,PENSAMIENTO NUMÉRICO Y SISTEMAS NUMÉRICOS,7,"Resuelvo y formulo problemas en situaciones de proporcionalidad directa, inversa y producto de medidas.",estandares-matematicas.pdf,37
MAT-EBC-4.5-PN-08,4,5,PN,PENSAMIENTO NUMÉRICO Y SISTEMAS NUMÉRICOS,8,Identifico la potenciación y la radicación en contextos matemáticos y no matemáticos.,estandares-matematicas.pdf,37
MAT-EBC-4.5-PN-09,4,5,PN,PENSAMIENTO NUMÉRICO Y SISTEMAS NUMÉRICOS,9,Modelo situaciones de dependencia mediante la proporcionalidad directa e inversa.,estandares-matematicas.pdf,37
MAT-EBC-4.5-PN-10,4,5,PN,PENSAMIENTO NUMÉRICO Y SISTEMAS NUMÉRICOS,10,Uso diversas estrategias de cálculo y de estimación para resolver problemas en situaciones aditivas y multiplicativas.,estandares-matematicas.pdf,37
MAT-EBC-4.5-PN-11,4,5,PN,PENSAMIENTO NUMÉRICO Y SISTEMAS NUMÉRICOS,11,"Identifico, en el contexto de una situación, la necesidad de un cálculo exacto o aproximado y lo razonable de los resultados obtenidos.",estandares-matematicas.pdf,37
MAT-EBC-4.5-PN-12,4,5,PN,PENSAMIENTO NUMÉRICO Y SISTEMAS NUMÉRICOS,12,"Justifico regularidades y propiedades de los números, sus relaciones y operaciones.",estandares-matematicas.pdf,37
MAT-EBC-4.5-PE-01,4,5,PE,PENSAMIENTO ESPACIAL Y SISTEMAS GEOMÉTRICOS,1,"Comparo y clasifico objetos tridimensionales de acuerdo con componentes (caras, lados) y propiedades.",estandares-matematicas.pdf,37
MAT-EBC-4.5-PE-02,4,5,PE,PENSAMIENTO ESPACIAL Y SISTEMAS GEOMÉTRICOS,2,"Comparo y clasifico figuras bidimensionales de acuerdo con sus componentes (ángulos, vértices) y características.",estandares-matematicas.pdf,37
MAT-EBC-4.5-PE-03,4,5,PE,PENSAMIENTO ESPACIAL Y SISTEMAS GEOMÉTRICOS,3,"Identifico, represento y utilizo ángulos en giros, aberturas, inclinaciones, figuras, puntas y esquinas en situaciones estáticas y dinámicas.",estandares-matematicas.pdf,37
MAT-EBC-4.5-PE-04,4,5,PE,PENSAMIENTO ESPACIAL Y SISTEMAS GEOMÉTRICOS,4,Utilizo sistemas de coordenadas para especificar localizaciones y describir relaciones espaciales.,estandares-matematicas.pdf,37
MAT-EBC-4.5-PE-05,4,5,PE,PENSAMIENTO ESPACIAL Y SISTEMAS GEOMÉTRICOS,5,Identifico y justifico relaciones de congruencia y semejanza entre figuras.,estandares-matematicas.pdf,37
MAT-EBC-4.5-PE-06,4,5,PE,PENSAMIENTO ESPACIAL Y SISTEMAS GEOMÉTRICOS,6,Construyo y descompongo figuras y sólidos a partir de condiciones dadas.,estandares-matematicas.pdf,37
MAT-EBC-4.5-PE-07,4,5,PE,PENSAMIENTO ESPACIAL Y SISTEMAS GEOMÉTRICOS,7,Conjeturo y verifico los resultados de aplicar transformaciones a figuras en el plano para construir diseños.,estandares-matematicas.pdf,37
MAT-EBC-4.5-PE-08,4,5,PE,PENSAMIENTO ESPACIAL Y SISTEMAS GEOMÉTRICOS,8,"Construyo objetos tridimensionales a partir de representaciones bidimensionales y puedo realizar el proceso contrario en contextos de arte, diseño y arquitectura.",estandares-matematicas.pdf,37
MAT-EBC-4.5-PM-01,4,5,PM,PENSAMIENTO MÉTRICO Y SISTEMAS DE MEDIDAS,1,"Diferencio y ordeno, en objetos y eventos, propiedades o atributos que se puedan medir (longitudes, distancias, áreas de superficies, volúmenes de cuerpos sólidos, volúmenes de líquidos y capacidades de recipientes; pesos y masa de cuerpos sólidos; duración de eventos o procesos; amplitud de ángulos).",estandares-matematicas.pdf,38
MAT-EBC-4.5-PM-02,4,5,PM,PENSAMIENTO MÉTRICO Y SISTEMAS DE MEDIDAS,2,"Selecciono unidades, tanto convencionales como estandarizadas, apropiadas para diferentes mediciones.",estandares-matematicas.pdf,38
MAT-EBC-4.5-PM-03,4,5,PM,PENSAMIENTO MÉTRICO Y SISTEMAS DE MEDIDAS,3,"Utilizo y justifico el uso de la estimación para resolver problemas relativos a la vida social, económica y de las ciencias, utilizando rangos de variación.",estandares-matematicas.pdf,38
MAT-EBC-4.5-PM-04,4,5,PM,PENSAMIENTO MÉTRICO Y SISTEMAS DE MEDIDAS,4,Utilizo diferentes procedimientos de cálculo para hallar el área de la superficie exterior y el volumen de algunos cuerpos sólidos.,estandares-matematicas.pdf,38
MAT-EBC-4.5-PM-05,4,5,PM,PENSAMIENTO MÉTRICO Y SISTEMAS DE MEDIDAS,5,"Justifico relaciones de dependencia del área y volumen, respecto a las dimensiones de figuras y sólidos.",estandares-matematicas.pdf,38
MAT-EBC-4.5-PM-06,4,5,PM,PENSAMIENTO MÉTRICO Y SISTEMAS DE MEDIDAS,6,"Reconozco el uso de algunas magnitudes (longitud, área, volumen, capacidad, peso y masa, duración, rapidez, temperatura) y de algunas de las unidades que se usan para medir cantidades de la magnitud respectiva en situaciones aditivas y multiplicativas.",estandares-matematicas.pdf,38
MAT-EBC-4.5-PM-07,4,5,PM,PENSAMIENTO MÉTRICO Y SISTEMAS DE MEDIDAS,7,"Describo y argumento relaciones entre el perímetro y el área de figuras diferentes, cuando se fija una de estas medidas.",estandares-matematicas.pdf,38
MAT-EBC-4.5-PA-01,4,5,PA,PENSAMIENTO ALEATORIO Y SISTEMAS DE DATOS,1,"Represento datos usando tablas y gráficas (pictogramas, gráficas de barras, diagramas de líneas, diagramas circulares).",estandares-matematicas.pdf,38
MAT-EBC-4.5-PA-02,4,5,PA,PENSAMIENTO ALEATORIO Y SISTEMAS DE DATOS,2,Comparo diferentes representaciones del mismo conjunto de datos.,estandares-matematicas.pdf,38
MAT-EBC-4.5-PA-03,4,5,PA,PENSAMIENTO ALEATORIO Y SISTEMAS DE DATOS,3,"Interpreto información presentada en tablas y gráficas. (pictogramas, gráficas de barras, diagramas de líneas, diagramas circulares).",estandares-matematicas.pdf,38
MAT-EBC-4.5-PA-04,4,5,PA,PENSAMIENTO ALEATORIO Y SISTEMAS DE DATOS,4,Conjeturo y pongo a prueba predicciones acerca de la posibilidad de ocurrencia de eventos.,estandares-matematicas.pdf,38
MAT-EBC-4.5-PA-05,4,5,PA,PENSAMIENTO ALEATORIO Y SISTEMAS DE DATOS,5,Describo la manera como parecen distribuirse los distintos datos de un conjunto de ellos y la comparo con la manera como se distribuyen en otros conjuntos de datos.,estandares-matematicas.pdf,38
MAT-EBC-4.5-PA-06,4,5,PA,PENSAMIENTO ALEATORIO Y SISTEMAS DE DATOS,6,Uso e interpreto la media (o promedio) y la mediana y comparo lo que indican.,estandares-matematicas.pdf,38
MAT-EBC-4.5-PA-07,4,5,PA,PENSAMIENTO ALEATORIO Y SISTEMAS DE DATOS,7,"Resuelvo y formulo problemas a partir de un conjunto de datos provenientes de observaciones, consultas o experimentos.",estandares-matematicas.pdf,38
MAT-EBC-4.5-PV-01,4,5,PV,PENSAMIENTO VARIACIONAL Y SISTEMAS ALGEBRAICOS Y ANALÍTICOS,1,Describo e interpreto variaciones representadas en gráficos.,estandares-matematicas.pdf,38
MAT-EBC-4.5-PV-02,4,5,PV,PENSAMIENTO VARIACIONAL Y SISTEMAS ALGEBRAICOS Y ANALÍTICOS,2,"Predigo patrones de variación en una secuencia numérica, geométrica o gráfica.",estandares-matematicas.pdf,38
MAT-EBC-4.5-PV-03,4,5,PV,PENSAMIENTO VARIACIONAL Y SISTEMAS ALGEBRAICOS Y ANALÍTICOS,3,Represento y relaciono patrones numéricos con tablas y reglas verbales.,estandares-matematicas.pdf,38
MAT-EBC-4.5-PV-04,4,5,PV,PENSAMIENTO VARIACIONAL Y SISTEMAS ALGEBRAICOS Y ANALÍTICOS,4,"Analizo y explico relaciones de dependencia entre cantidades que varían en el tiempo con cierta regularidad en situaciones económicas, sociales y de las ciencias naturales.",estandares-matematicas.pdf,38
MAT-EBC-4.5-PV-05,4,5,PV,PENSAMIENTO VARIACIONAL Y SISTEMAS ALGEBRAICOS Y ANALÍTICOS,5,Construyo igualdades y desigualdades numéricas como representación de relaciones entre distintos datos.,estandares-matematicas.pdf,38
MAT-EBC-6.7-PN-01,6,7,PN,PENSAMIENTO NUMÉRICO Y SISTEMAS NUMÉRICOS,1,Resuelvo y formulo problemas en contextos de medidas relativas y de variaciones en las medidas.,estandares-matematicas.pdf,39
MAT-EBC-6.7-PN-02,6,7,PN,PENSAMIENTO NUMÉRICO Y SISTEMAS NUMÉRICOS,2,"Utilizo números racionales, en sus distintas expresiones (fracciones, razones, decimales o porcentajes) para resolver problemas en contextos de medida.",estandares-matematicas.pdf,39
MAT-EBC-6.7-PN-03,6,7,PN,PENSAMIENTO NUMÉRICO Y SISTEMAS NUMÉRICOS,3,"Justifico la extensión de la representación polinomial decimal usual de los números naturales a la representación decimal usual de los números racionales, utilizando las propiedades del sistema de numeración decimal.",estandares-matematicas.pdf,39
MAT-EBC-6.7-PN-04,6,7,PN,PENSAMIENTO NUMÉRICO Y SISTEMAS NUMÉRICOS,4,"Reconozco y generalizo propiedades de las relaciones entre números racionales (simétrica, transitiva, etc.) y de las operaciones entre ellos (conmutativa, asociativa, etc.) en diferentes contextos.",estandares-matematicas.pdf,39
MAT-EBC-6.7-PN-05,6,7,PN,PENSAMIENTO NUMÉRICO Y SISTEMAS NUMÉRICOS,5,"Resuelvo y formulo problemas utilizando propiedades básicas de la teoría de números, como las de la igualdad, las de las distintas formas de la desigualdad y las de la adición, sustracción, multiplicación, división y potenciación.",estandares-matematicas.pdf,39
MAT-EBC-6.7-PN-06,6,7,PN,PENSAMIENTO NUMÉRICO Y SISTEMAS NUMÉRICOS,6,Justifico procedimientos aritméticos utilizando las relaciones y propiedades de las operaciones.,estandares-matematicas.pdf,39
MAT-EBC-6.7-PN-07,6,7,PN,PENSAMIENTO NUMÉRICO Y SISTEMAS NUMÉRICOS,7,"Formulo y resuelvo problemas en situaciones aditivas y multiplicativas, en diferentes contextos y dominios numéricos.",estandares-matematicas.pdf,39
MAT-EBC-6.7-PN-08,6,7,PN,PENSAMIENTO NUMÉRICO Y SISTEMAS NUMÉRICOS,8,Resuelvo y formulo problemas cuya solución requiere de la potenciación o radicación.,estandares-matematicas.pdf,39
MAT-EBC-6.7-PN-09,6,7,PN,PENSAMIENTO NUMÉRICO Y SISTEMAS NUMÉRICOS,9,Justifico el uso de representaciones y procedimientos en situaciones de proporcionalidad directa e inversa.,estandares-matematicas.pdf,39
MAT-EBC-6.7-PN-10,6,7,PN,PENSAMIENTO NUMÉRICO Y SISTEMAS NUMÉRICOS,10,Justifico la pertinencia de un cálculo exacto o aproximado en la solución de un problema y lo razonable o no de las respuestas obtenidas.,estandares-matematicas.pdf,39
MAT-EBC-6.7-PN-11,6,7,PN,PENSAMIENTO NUMÉRICO Y SISTEMAS NUMÉRICOS,11,"Establezco conjeturas sobre propiedades y relaciones de los números, utilizando calculadoras o computadores.",estandares-matematicas.pdf,39
MAT-EBC-6.7-PN-12,6,7,PN,PENSAMIENTO NUMÉRICO Y SISTEMAS NUMÉRICOS,12,Justifico la elección de métodos e instrumentos de cálculo en la resolución de problemas.,estandares-matematicas.pdf,39
MAT-EBC-6.7-PN-13,6,7,PN,PENSAMIENTO NUMÉRICO Y SISTEMAS NUMÉRICOS,13,Reconozco argumentos combinatorios como herramienta para interpretación de situaciones diversas de conteo.,estandares-matematicas.pdf,39
MAT-EBC-6.7-PE-01,6,7,PE,PENSAMIENTO ESPACIAL Y SISTEMAS GEOMÉTRICOS,1,Represento objetos tridimensionales desde diferentes posiciones y vistas.,estandares-matematicas.pdf,39
MAT-EBC-6.7-PE-02,6,7,PE,PENSAMIENTO ESPACIAL Y SISTEMAS GEOMÉTRICOS,2,Identifico y describo figuras y cuerpos generados por cortes rectos y transversales de objetos tridimensionales.,estandares-matematicas.pdf,39
MAT-EBC-6.7-PE-03,6,7,PE,PENSAMIENTO ESPACIAL Y SISTEMAS GEOMÉTRICOS,3,Clasifico polígonos en relación con sus propiedades.,estandares-matematicas.pdf,39
MAT-EBC-6.7-PE-04,6,7,PE,PENSAMIENTO ESPACIAL Y SISTEMAS GEOMÉTRICOS,4,"Predigo y comparo los resultados de aplicar transformaciones rígidas (traslaciones, rotaciones, reflexiones) y homotecias (ampliaciones y reducciones) sobre figuras bidimensionales en situaciones matemáticas y en el arte.",estandares-matematicas.pdf,39
MAT-EBC-6.7-PE-05,6,7,PE,PENSAMIENTO ESPACIAL Y SISTEMAS GEOMÉTRICOS,5,Resuelvo y formulo problemas que involucren relaciones y propiedades de semejanza y congruencia usando representaciones visuales.,estandares-matematicas.pdf,39
MAT-EBC-6.7-PE-06,6,7,PE,PENSAMIENTO ESPACIAL Y SISTEMAS GEOMÉTRICOS,6,Resuelvo y formulo problemas usando modelos geométricos.,estandares-matematicas.pdf,39
MAT-EBC-6.7-PE-07,6,7,PE,PENSAMIENTO ESPACIAL Y SISTEMAS GEOMÉTRICOS,7,Identifico características de localización de objetos en sistemas de representación cartesiana y geográfica.,estandares-matematicas.pdf,39
MAT-EBC-6.7-PM-01,6,7,PM,PENSAMIENTO MÉTRICO Y SISTEMAS DE MEDIDAS,1,Utilizo técnicas y herramientas para la construcción de figuras planas y cuerpos con medidas dadas.,estandares-matematicas.pdf,40
MAT-EBC-6.7-PM-02,6,7,PM,PENSAMIENTO MÉTRICO Y SISTEMAS DE MEDIDAS,2,"Resuelvo y formulo problemas que involucren factores escalares (diseño de maquetas, mapas).",estandares-matematicas.pdf,40
MAT-EBC-6.7-PM-03,6,7,PM,PENSAMIENTO MÉTRICO Y SISTEMAS DE MEDIDAS,3,Calculo áreas y volúmenes a través de composición y descomposición de figuras y cuerpos.,estandares-matematicas.pdf,40
MAT-EBC-6.7-PM-04,6,7,PM,PENSAMIENTO MÉTRICO Y SISTEMAS DE MEDIDAS,4,Identifico relaciones entre distintas unidades utilizadas para medir cantidades de la misma magnitud.,estandares-matematicas.pdf,40
MAT-EBC-6.7-PM-05,6,7,PM,PENSAMIENTO MÉTRICO Y SISTEMAS DE MEDIDAS,5,Resuelvo y formulo problemas que requieren técnicas de estimación.,estandares-matematicas.pdf,40
MAT-EBC-6.7-PA-01,6,7,PA,PENSAMIENTO ALEATORIO Y SISTEMAS DE DATOS,1,"Comparo e interpreto datos provenientes de diversas fuentes (prensa, revistas, televisión, experimentos, consultas, entrevistas).",estandares-matematicas.pdf,40
MAT-EBC-6.7-PA-02,6,7,PA,PENSAMIENTO ALEATORIO Y SISTEMAS DE DATOS,2,Reconozco la relación entre un conjunto de datos y su representación.,estandares-matematicas.pdf,40
MAT-EBC-6.7-PA-03,6,7,PA,PENSAMIENTO ALEATORIO Y SISTEMAS DE DATOS,3,"Interpreto, produzco y comparo representaciones gráficas adecuadas para presentar diversos tipos de datos. (diagramas de barras, diagramas circulares.)",estandares-matematicas.pdf,40
MAT-EBC-6.7-PA-04,6,7,PA,PENSAMIENTO ALEATORIO Y SISTEMAS DE DATOS,4,"Uso medidas de tendencia central (media, mediana, moda) para interpretar comportamiento de un conjunto de datos.",estandares-matematicas.pdf,40
MAT-EBC-6.7-PA-05,6,7,PA,PENSAMIENTO ALEATORIO Y SISTEMAS DE DATOS,5,"Uso modelos (diagramas de árbol, por ejemplo) para discutir y predecir posibilidad de ocurrencia de un evento.",estandares-matematicas.pdf,40
MAT-EBC-6.7-PA-06,6,7,PA,PENSAMIENTO ALEATORIO Y SISTEMAS DE DATOS,6,Conjeturo acerca del resultado de un experimento aleatorio usando proporcionalidad y nociones básicas de probabilidad.,estandares-matematicas.pdf,40
MAT-EBC-6.7-PA-07,6,7,PA,PENSAMIENTO ALEATORIO Y SISTEMAS DE DATOS,7,"Resuelvo y formulo problemas a partir de un conjunto de datos presentados en tablas, diagramas de barras, diagramas circulares.",estandares-matematicas.pdf,40
MAT-EBC-6.7-PA-08,6,7,PA,PENSAMIENTO ALEATORIO Y SISTEMAS DE DATOS,8,Predigo y justifico razonamientos y conclusiones usando información estadística.,estandares-matematicas.pdf,40
MAT-EBC-6.7-PV-01,6,7,PV,PENSAMIENTO VARIACIONAL Y SISTEMAS ALGEBRAICOS Y ANALÍTICOS,1,"Describo y represento situaciones de variación relacionando diferentes representaciones (diagramas, expresiones verbales generalizadas y tablas).",estandares-matematicas.pdf,40
MAT-EBC-6.7-PV-02,6,7,PV,PENSAMIENTO VARIACIONAL Y SISTEMAS ALGEBRAICOS Y ANALÍTICOS,2,Reconozco el conjunto de valores de cada una de las cantidades variables ligadas entre sí en situaciones concretas de cambio (variación).,estandares-matematicas.pdf,40
MAT-EBC-6.7-PV-03,6,7,PV,PENSAMIENTO VARIACIONAL Y SISTEMAS ALGEBRAICOS Y ANALÍTICOS,3,"Analizo las propiedades de correlación positiva y negativa entre variables, de variación lineal o de proporcionalidad directa y de proporcionalidad inversa en contextos aritméticos y geométricos.",estandares-matematicas.pdf,40
MAT-EBC-6.7-PV-04,6,7,PV,PENSAMIENTO VARIACIONAL Y SISTEMAS ALGEBRAICOS Y ANALÍTICOS,4,"Utilizo métodos informales (ensayo y error, complementación) en la solución de ecuaciones.",estandares-matematicas.pdf,40
MAT-EBC-6.7-PV-05,6,7,PV,PENSAMIENTO VARIACIONAL Y SISTEMAS ALGEBRAICOS Y ANALÍTICOS,5,"Identifico las características de las diversas gráficas cartesianas (de puntos, continuas, formadas por segmentos, etc.) en relación con la situación que representan.",estandares-matematicas.pdf,40
MAT-EBC-8.9-PN-01,8,9,PN,PENSAMIENTO NUMÉRICO Y SISTEMAS NUMÉRICOS,1,Utilizo números reales en sus diferentes representaciones y en diversos contextos.,estandares-matematicas.pdf,41
MAT-EBC-8.9-PN-02,8,9,PN,PENSAMIENTO NUMÉRICO Y SISTEMAS NUMÉRICOS,2,Resuelvo problemas y simplifico cálculos usando propiedades y relaciones de los números reales y de las relaciones y operaciones entre ellos.,estandares-matematicas.pdf,41
MAT-EBC-8.9-PN-03,8,9,PN,PENSAMIENTO NUMÉRICO Y SISTEMAS NUMÉRICOS,3,Utilizo la notación científica para representar medidas de cantidades de diferentes magnitudes.,estandares-matematicas.pdf,41
MAT-EBC-8.9-PN-04,8,9,PN,PENSAMIENTO NUMÉRICO Y SISTEMAS NUMÉRICOS,4,"Identifico y utilizo la potenciación, la radicación y la logaritmación para representar situaciones matemáticas y no matemáticas y para resolver problemas.",estandares-matematicas.pdf,41
MAT-EBC-8.9-PE-01,8,9,PE,PENSAMIENTO ESPACIAL Y SISTEMAS GEOMÉTRICOS,1,Conjeturo y verifico propiedades de congruencias y semejanzas entre figuras bidimensionales y entre objetos tridimensionales en la solución de problemas.,estandares-matematicas.pdf,41
MAT-EBC-8.9-PE-02,8,9,PE,PENSAMIENTO ESPACIAL Y SISTEMAS GEOMÉTRICOS,2,Reconozco y contrasto propiedades y relaciones geométricas utilizadas en demostración de teoremas básicos (Pitágoras y Tales).,estandares-matematicas.pdf,41
MAT-EBC-8.9-PE-03,8,9,PE,PENSAMIENTO ESPACIAL Y SISTEMAS GEOMÉTRICOS,3,Aplico y justifico criterios de congruencias y semejanza entre triángulos en la resolución y formulación de problemas.,estandares-matematicas.pdf,41
MAT-EBC-8.9-PE-04,8,9,PE,PENSAMIENTO ESPACIAL Y SISTEMAS GEOMÉTRICOS,4,Uso representaciones geométricas para resolver y formular problemas en las matemáticas y en otras disciplinas.,estandares-matematicas.pdf,41
MAT-EBC-8.9-PM-01,8,9,PM,PENSAMIENTO MÉTRICO Y SISTEMAS DE MEDIDAS,1,Generalizo procedimientos de cálculo válidos para encontrar el área de regiones planas y el volumen de sólidos.,estandares-matematicas.pdf,42
MAT-EBC-8.9-PM-02,8,9,PM,PENSAMIENTO MÉTRICO Y SISTEMAS DE MEDIDAS,2,"Selecciono y uso técnicas e instrumentos para medir longitudes, áreas de superficies, volúmenes y ángulos con niveles de precisión apropiados.",estandares-matematicas.pdf,42
MAT-EBC-8.9-PM-03,8,9,PM,PENSAMIENTO MÉTRICO Y SISTEMAS DE MEDIDAS,3,Justifico la pertinencia de utilizar unidades de medida estandarizadas en situaciones tomadas de distintas ciencias.,estandares-matematicas.pdf,42
MAT-EBC-8.9-PA-01,8,9,PA,PENSAMIENTO ALEATORIO Y SISTEMAS DE DATOS,1,Reconozco cómo diferentes maneras de presentación de información pueden originar distintas interpretaciones.,estandares-matematicas.pdf,42
MAT-EBC-8.9-PA-02,8,9,PA,PENSAMIENTO ALEATORIO Y SISTEMAS DE DATOS,2,"Interpreto analítica y críticamente información estadística proveniente de diversas fuentes (prensa, revistas, televisión, experimentos, consultas, entrevistas.",estandares-matematicas.pdf,42
MAT-EBC-8.9-PA-03,8,9,PA,PENSAMIENTO ALEATORIO Y SISTEMAS DE DATOS,3,"Interpreto y utilizo conceptos de media, mediana y moda y explicito sus diferencias en distribuciones de distinta dispersión y asimetría.",estandares-matematicas.pdf,42
MAT-EBC-8.9-PA-04,8,9,PA,PENSAMIENTO ALEATORIO Y SISTEMAS DE DATOS,4,"Selecciono y uso algunos métodos estadísticos adecuados al tipo de problema, de información y al nivel de la escala en la que esta se representa (nominal, ordinal, de intervalo o de razón).",estandares-matematicas.pdf,42
MAT-EBC-8.9-PA-05,8,9,PA,PENSAMIENTO ALEATORIO Y SISTEMAS DE DATOS,5,Comparo resultados de experimentos aleatorios con los resultados previstos por un modelo matemático probabilístico.,estandares-matematicas.pdf,42
MAT-EBC-8.9-PA-06,8,9,PA,PENSAMIENTO ALEATORIO Y SISTEMAS DE DATOS,6,"Resuelvo y formulo problemas seleccionando información relevante en conjuntos de datos provenientes de fuentes diversas. (prensa, revistas, televisión, experimentos, consultas, entrevistas).",estandares-matematicas.pdf,42
MAT-EBC-8.9-PA-07,8,9,PA,PENSAMIENTO ALEATORIO Y SISTEMAS DE DATOS,7,Reconozco tendencias que se presentan en conjuntos de variables relacionadas.,estandares-matematicas.pdf,42
MAT-EBC-8.9-PA-08,8,9,PA,PENSAMIENTO ALEATORIO Y SISTEMAS DE DATOS,8,"Calculo probabilidad de eventos simples usando métodos diversos (listados, diagramas de árbol, técnicas de conteo).",estandares-matematicas.pdf,42
MAT-EBC-8.9-PA-09,8,9,PA,PENSAMIENTO ALEATORIO Y SISTEMAS DE DATOS,9,"Uso conceptos básicos de probabilidad (espacio muestral, evento, independencia, etc.).",estandares-matematicas.pdf,42
MAT-EBC-8.9-PV-01,8,9,PV,PENSAMIENTO VARIACIONAL Y SISTEMAS ALGEBRAICOS Y ANALÍTICOS,1,Identifico relaciones entre propiedades de las gráficas y propiedades de las ecuaciones algebraicas.,estandares-matematicas.pdf,42
MAT-EBC-8.9-PV-02,8,9,PV,PENSAMIENTO VARIACIONAL Y SISTEMAS ALGEBRAICOS Y ANALÍTICOS,2,Construyo expresiones algebraicas equivalentes a una expresión algebraica dada.,estandares-matematicas.pdf,42
MAT-EBC-8.9-PV-03,8,9,PV,PENSAMIENTO VARIACIONAL Y SISTEMAS ALGEBRAICOS Y ANALÍTICOS,3,Uso procesos inductivos y lenguaje algebraico para formular y poner a prueba conjeturas.,estandares-matematicas.pdf,42
MAT-EBC-8.9-PV-04,8,9,PV,PENSAMIENTO VARIACIONAL Y SISTEMAS ALGEBRAICOS Y ANALÍTICOS,4,Modelo situaciones de variación con funciones polinómicas.,estandares-matematicas.pdf,42
MAT-EBC-8.9-PV-05,8,9,PV,PENSAMIENTO VARIACIONAL Y SISTEMAS ALGEBRAICOS Y ANALÍTICOS,5,Identifico diferentes métodos para solucionar sistemas de ecuaciones lineales.,estandares-matematicas.pdf,42
MAT-EBC-8.9-PV-06,8,9,PV,PENSAMIENTO VARIACIONAL Y SISTEMAS ALGEBRAICOS Y ANALÍTICOS,6,Analizo los procesos infinitos que subyacen en las notaciones decimales.,estandares-matematicas.pdf,42
MAT-EBC-8.9-PV-07,8,9,PV,PENSAMIENTO VARIACIONAL Y SISTEMAS ALGEBRAICOS Y ANALÍTICOS,7,Identifico y utilizo diferentes maneras de definir y medir la pendiente de una curva que representa en el plano cartesiano situaciones de variación.,estandares-matematicas.pdf,42
MAT-EBC-8.9-PV-08,8,9,PV,PENSAMIENTO VARIACIONAL Y SISTEMAS ALGEBRAICOS Y ANALÍTICOS,8,Identifico la relación entre los cambios en los parámetros de la representación algebraica de una familia de funciones y los cambios en las gráficas que las representan.,estandares-matematicas.pdf,42
MAT-EBC-8.9-PV-09,8,9,PV,PENSAMIENTO VARIACIONAL Y SISTEMAS ALGEBRAICOS Y ANALÍTICOS,9,"Analizo en representaciones gráficas cartesianas los comportamientos de cambio de funciones específicas pertenecientes a familias de funciones polinómicas, racionales, exponenciales y logarítmicas.",estandares-matematicas.pdf,42
MAT-EBC-10.11-PN-01,10,11,PN,PENSAMIENTO NUMÉRICO Y SISTEMAS NUMÉRICOS,1,Analizo representaciones decimales de los números reales para diferenciar entre racionales e irracionales.,estandares-matematicas.pdf,43
MAT-EBC-10.11-PN-02,10,11,PN,PENSAMIENTO NUMÉRICO Y SISTEMAS NUMÉRICOS,2,"Reconozco la densidad e incompletitud de los números racionales a través de métodos numéricos, geométricos y algebraicos.",estandares-matematicas.pdf,43
MAT-EBC-10.11-PN-03,10,11,PN,PENSAMIENTO NUMÉRICO Y SISTEMAS NUMÉRICOS,3,"Comparo y contrasto las propiedades de los números (naturales, enteros, racionales y reales) y las de sus relaciones y operaciones para construir, manejar y utilizar apropiadamente los distintos sistemas numéricos.",estandares-matematicas.pdf,43
MAT-EBC-10.11-PN-04,10,11,PN,PENSAMIENTO NUMÉRICO Y SISTEMAS NUMÉRICOS,4,Utilizo argumentos de la teoría de números para justificar relaciones que involucran números naturales.,estandares-matematicas.pdf,43
MAT-EBC-10.11-PN-05,10,11,PN,PENSAMIENTO NUMÉRICO Y SISTEMAS NUMÉRICOS,5,Establezco relaciones y diferencias entre diferentes notaciones de números reales para decidir sobre su uso en una situación dada.,estandares-matematicas.pdf,43
MAT-EBC-10.11-PE-01,10,11,PE,PENSAMIENTO ESPACIAL Y SISTEMAS GEOMÉTRICOS,1,"Identifico en forma visual, gráfica y algebraica algunas propiedades de las curvas que se observan en los bordes obtenidos por cortes longitudinales, diagonales y transversales en un cilindro y en un cono.",estandares-matematicas.pdf,43
MAT-EBC-10.11-PE-02,10,11,PE,PENSAMIENTO ESPACIAL Y SISTEMAS GEOMÉTRICOS,2,"Identifico características de localización de objetos geométricos en sistemas de representación cartesiana y otros (polares, cilíndricos y esféricos) y en particular de las curvas y figuras cónicas.",estandares-matematicas.pdf,43
MAT-EBC-10.11-PE-03,10,11,PE,PENSAMIENTO ESPACIAL Y SISTEMAS GEOMÉTRICOS,3,Resuelvo problemas en los que se usen las propiedades geométricas de figuras cónicas por medio de transformaciones de las representaciones algebraicas de esas figuras.,estandares-matematicas.pdf,43
MAT-EBC-10.11-PE-04,10,11,PE,PENSAMIENTO ESPACIAL Y SISTEMAS GEOMÉTRICOS,4,Uso argumentos geométricos para resolver y formular problemas en contextos matemáticos y en otras ciencias.,estandares-matematicas.pdf,43
MAT-EBC-10.11-PE-05,10,11,PE,PENSAMIENTO ESPACIAL Y SISTEMAS GEOMÉTRICOS,5,Describo y modelo fenómenos periódicos del mundo real usando relaciones y funciones trigonométricas.,estandares-matematicas.pdf,43
MAT-EBC-10.11-PE-06,10,11,PE,PENSAMIENTO ESPACIAL Y SISTEMAS GEOMÉTRICOS,6,Reconozco y describo curvas y o lugares geométricos.,estandares-matematicas.pdf,43
MAT-EBC-10.11-PM-01,10,11,PM,PENSAMIENTO MÉTRICO Y SISTEMAS DE MEDIDAS,1,Diseño estrategias para abordar situaciones de medición que requieran grados de precisión específicos.,estandares-matematicas.pdf,44
MAT-EBC-10.11-PM-02,10,11,PM,PENSAMIENTO MÉTRICO Y SISTEMAS DE MEDIDAS,2,"Resuelvo y formulo problemas que involucren magnitudes cuyos valores medios se suelen definir indirectamente como razones entre valores de otras magnitudes, como la velocidad media, la aceleración media y la densidad media.",estandares-matematicas.pdf,44
MAT-EBC-10.11-PM-03,10,11,PM,PENSAMIENTO MÉTRICO Y SISTEMAS DE MEDIDAS,3,"Justifico resultados obtenidos mediante procesos de aproximación sucesiva, rangos de variación y límites en situaciones de medición.",estandares-matematicas.pdf,44
MAT-EBC-10.11-PA-01,10,11,PA,PENSAMIENTO ALEATORIO Y SISTEMAS DE DATOS,1,Interpreto y comparo resultados de estudios con información estadística provenientes de medios de comunicación.,estandares-matematicas.pdf,44
MAT-EBC-10.11-PA-02,10,11,PA,PENSAMIENTO ALEATORIO Y SISTEMAS DE DATOS,2,Justifico o refuto inferencias basadas en razonamientos estadísticos a partir de resultados de estudios publicados en los medios o diseñados en el ámbito escolar.,estandares-matematicas.pdf,44
MAT-EBC-10.11-PA-03,10,11,PA,PENSAMIENTO ALEATORIO Y SISTEMAS DE DATOS,3,"Diseño experimentos aleatorios (de las ciencias físicas, naturales o sociales) para estudiar un problema o pregunta.",estandares-matematicas.pdf,44
MAT-EBC-10.11-PA-04,10,11,PA,PENSAMIENTO ALEATORIO Y SISTEMAS DE DATOS,4,Describo tendencias que se observan en conjuntos de variables relacionadas.,estandares-matematicas.pdf,44
MAT-EBC-10.11-PA-05,10,11,PA,PENSAMIENTO ALEATORIO Y SISTEMAS DE DATOS,5,"Interpreto nociones básicas relacionadas con el manejo de información como población, muestra, variable aleatoria, distribución de frecuencias, parámetros y estadígrafos).",estandares-matematicas.pdf,44
MAT-EBC-10.11-PA-06,10,11,PA,PENSAMIENTO ALEATORIO Y SISTEMAS DE DATOS,6,"Uso comprensivamente algunas medidas de centralización, localización, dispersión y correlación (percentiles, cuartiles, centralidad, distancia, rango, varianza, covarianza y normalidad).",estandares-matematicas.pdf,44
MAT-EBC-10.11-PA-07,10,11,PA,PENSAMIENTO ALEATORIO Y SISTEMAS DE DATOS,7,Interpreto conceptos de probabilidad condicional e independencia de eventos.,estandares-matematicas.pdf,44
MAT-EBC-10.11-PA-08,10,11,PA,PENSAMIENTO ALEATORIO Y SISTEMAS DE DATOS,8,"Resuelvo y planteo problemas usando conceptos básicos de conteo y probabilidad (combinaciones, permutaciones, espacio muestral, muestreo aleatorio, muestreo con remplazo).",estandares-matematicas.pdf,44
MAT-EBC-10.11-PA-09,10,11,PA,PENSAMIENTO ALEATORIO Y SISTEMAS DE DATOS,9,Propongo inferencias a partir del estudio de muestras probabilísticas.,estandares-matematicas.pdf,44
MAT-EBC-10.11-PV-01,10,11,PV,PENSAMIENTO VARIACIONAL Y SISTEMAS ALGEBRAICOS Y ANALÍTICOS,1,Utilizo las técnicas de aproximación en procesos infinitos numéricos.,estandares-matematicas.pdf,44
MAT-EBC-10.11-PV-02,10,11,PV,PENSAMIENTO VARIACIONAL Y SISTEMAS ALGEBRAICOS Y ANALÍTICOS,2,Interpreto la noción de derivada como razón de cambio y como valor de la pendiente de la tangente a una curva y desarrollo métodos para hallar las derivadas de algunas funciones básicas en contextos matemáticos y no matemáticos.,estandares-matematicas.pdf,44
MAT-EBC-10.11-PV-03,10,11,PV,PENSAMIENTO VARIACIONAL Y SISTEMAS ALGEBRAICOS Y ANALÍTICOS,3,Analizo las relaciones y propiedades entre las expresiones algebraicas y las gráficas de funciones polinómicas y racionales y de sus derivadas.,estandares-matematicas.pdf,44
MAT-EBC-10.11-PV-04,10,11,PV,PENSAMIENTO VARIACIONAL Y SISTEMAS ALGEBRAICOS Y ANALÍTICOS,4,Modelo situaciones de variación periódica con funciones trigonométricas e interpreto y utilizo sus derivadas.,estandares-matematicas.pdf,44
