codigo,estandar,grado_desde,grado_hasta,numero,texto,fuente,pagina_pdf
LEN-EBC-1.3-PT-01-S1,LEN-EBC-1.3-PT-01,1,3,1,"Utilizo, de acuerdo con el contexto, un vocabulario adecuado para expresar mis ideas.",estandares-lengua-castellana.pdf,15
LEN-EBC-1.3-PT-01-S2,LEN-EBC-1.3-PT-01,1,3,2,"Expreso en forma clara mis ideas y sentimientos, según lo amerite la situación comunicativa.",estandares-lengua-castellana.pdf,15
LEN-EBC-1.3-PT-01-S3,LEN-EBC-1.3-PT-01,1,3,3,Utilizo la entonación y los matices afectivos de voz para alcanzar mi propósito en diferentes situaciones comunicativas.,estandares-lengua-castellana.pdf,15
LEN-EBC-1.3-PT-01-S4,LEN-EBC-1.3-PT-01,1,3,4,"Tengo en cuenta aspectos semánticos y morfosintácticos, de acuerdo con la situación comunicativa en la que intervengo.",estandares-lengua-castellana.pdf,15
LEN-EBC-1.3-PT-01-S5,LEN-EBC-1.3-PT-01,1,3,5,"Describo personas, objetos, lugares, etc., en forma detallada.",estandares-lengua-castellana.pdf,15
LEN-EBC-1.3-PT-01-S6,LEN-EBC-1.3-PT-01,1,3,6,Describo eventos de manera secuencial.,estandares-lengua-castellana.pdf,15
LEN-EBC-1.3-PT-01-S7,LEN-EBC-1.3-PT-01,1,3,7,Elaboro instrucciones que evidencian secuencias lógicas en la realización de acciones.,estandares-lengua-castellana.pdf,15
LEN-EBC-1.3-PT-01-S8,LEN-EBC-1.3-PT-01,1,3,8,Expongo y defiendo mis ideas en función de la situación comunicativa.,estandares-lengua-castellana.pdf,15
LEN-EBC-1.3-PT-02-S1,LEN-EBC-1.3-PT-02,1,3,1,"Determino el tema, el posible lector de mi texto y el propósito comunicativo que me lleva a producirlo.",estandares-lengua-castellana.pdf,15
LEN-EBC-1.3-PT-02-S2,LEN-EBC-1.3-PT-02,1,3,2,Elijo el tipo de texto que requiere mi propósito comunicativo.,estandares-lengua-castellana.pdf,15
LEN-EBC-1.3-PT-02-S3,LEN-EBC-1.3-PT-02,1,3,3,"Busco información en distintas fuentes: personas, medios de comunicación y libros, entre otras.",estandares-lengua-castellana.pdf,15
LEN-EBC-1.3-PT-02-S4,LEN-EBC-1.3-PT-02,1,3,4,Elaboro un plan para organizar mis ideas.,estandares-lengua-castellana.pdf,15
LEN-EBC-1.3-PT-02-S5,LEN-EBC-1.3-PT-02,1,3,5,Desarrollo un plan textual para la producción de un texto descriptivo.,estandares-lengua-castellana.pdf,15
LEN-EBC-1.3-PT-02-S6,LEN-EBC-1.3-PT-02,1,3,6,"Reviso, socializo y corrijo mis escritos, teniendo en cuenta las propuestas de mis compañeros y profesor, y atendiendo algunos aspectos gramaticales (concordancia, tiempos verbales, pronombres) y ortográficos (acentuación, mayúsculas, signos de puntuación) de la lengua castellana.",estandares-lengua-castellana.pdf,15
LEN-EBC-1.3-CI-01-S1,LEN-EBC-1.3-CI-01,1,3,1,"Leo diferentes clases de textos: manuales, tarjetas, afiches, cartas, periódicos, etc.",estandares-lengua-castellana.pdf,15
LEN-EBC-1.3-CI-01-S2,LEN-EBC-1.3-CI-01,1,3,2,Reconozco la función social de los diversos tipos de textos que leo.,estandares-lengua-castellana.pdf,15
LEN-EBC-1.3-CI-01-S3,LEN-EBC-1.3-CI-01,1,3,3,Identifico la silueta o el formato de los textos que leo.,estandares-lengua-castellana.pdf,15
LEN-EBC-1.3-CI-01-S4,LEN-EBC-1.3-CI-01,1,3,4,"Elaboro hipótesis acerca del sentido global de los textos, antes y durante el proceso de lectura; para el efecto, me apoyo en mis conocimientos previos, las imágenes y los títulos.",estandares-lengua-castellana.pdf,15
LEN-EBC-1.3-CI-01-S5,LEN-EBC-1.3-CI-01,1,3,5,Identifico el propósito comunicativo y la idea global de un texto.,estandares-lengua-castellana.pdf,15
LEN-EBC-1.3-CI-01-S6,LEN-EBC-1.3-CI-01,1,3,6,Elaboro resúmenes y esquemas que dan cuenta del sentido de un texto.,estandares-lengua-castellana.pdf,15
LEN-EBC-1.3-CI-01-S7,LEN-EBC-1.3-CI-01,1,3,7,"Comparo textos de acuerdo con sus formatos, temáticas y funciones.",estandares-lengua-castellana.pdf,15
LEN-EBC-1.3-LI-01-S1,LEN-EBC-1.3-LI-01,1,3,1,"Leo fábulas, cuentos, poemas, relatos mitológicos, leyendas, o cualquier otro texto literario.",estandares-lengua-castellana.pdf,16
LEN-EBC-1.3-LI-01-S2,LEN-EBC-1.3-LI-01,1,3,2,Elaboro y socializo hipótesis predictivas acerca del contenido de los textos.,estandares-lengua-castellana.pdf,16
LEN-EBC-1.3-LI-01-S3,LEN-EBC-1.3-LI-01,1,3,3,Identifico maneras de cómo se formula el inicio y el final de algunas narraciones.,estandares-lengua-castellana.pdf,16
LEN-EBC-1.3-LI-01-S4,LEN-EBC-1.3-LI-01,1,3,4,"Diferencio poemas, cuentos y obras de teatro.",estandares-lengua-castellana.pdf,16
LEN-EBC-1.3-LI-01-S5,LEN-EBC-1.3-LI-01,1,3,5,"Recreo relatos y cuentos cambiando personajes, ambientes, hechos y épocas.",estandares-lengua-castellana.pdf,16
LEN-EBC-1.3-LI-01-S6,LEN-EBC-1.3-LI-01,1,3,6,Participo en la elaboración de guiones para teatro de títeres.,estandares-lengua-castellana.pdf,16
LEN-EBC-1.3-MC-01-S1,LEN-EBC-1.3-MC-01,1,3,1,Identifico los diversos medios de comunicación masiva con los que interactúo.,estandares-lengua-castellana.pdf,16
LEN-EBC-1.3-MC-01-S2,LEN-EBC-1.3-MC-01,1,3,2,"Caracterizo algunos medios de comunicación: radio, televisión, prensa, entre otros.",estandares-lengua-castellana.pdf,16
LEN-EBC-1.3-MC-01-S3,LEN-EBC-1.3-MC-01,1,3,3,Comento mis programas favoritos de televisión o radio.,estandares-lengua-castellana.pdf,16
LEN-EBC-1.3-MC-01-S4,LEN-EBC-1.3-MC-01,1,3,4,Identifico la información que emiten los medios de comunicación masiva y la forma de presentarla.,estandares-lengua-castellana.pdf,16
LEN-EBC-1.3-MC-01-S5,LEN-EBC-1.3-MC-01,1,3,5,"Establezco diferencias y semejanzas entre noticieros, telenovelas, anuncios comerciales, dibujos animados, caricaturas, entre otros.",estandares-lengua-castellana.pdf,16
LEN-EBC-1.3-MC-01-S6,LEN-EBC-1.3-MC-01,1,3,6,Utilizo los medios de comunicación masiva para adquirir información e incorporarla de manera significativa a mis esquemas de conocimiento.,estandares-lengua-castellana.pdf,16
LEN-EBC-1.3-MC-02-S1,LEN-EBC-1.3-MC-02,1,3,1,Entiendo el lenguaje empleado en historietas y otros tipos de textos con imágenes fijas.,estandares-lengua-castellana.pdf,16
LEN-EBC-1.3-MC-02-S2,LEN-EBC-1.3-MC-02,1,3,2,"Expongo oralmente lo que me dicen mensajes cifrados en pictogramas, jeroglíficos, etc.",estandares-lengua-castellana.pdf,16
LEN-EBC-1.3-MC-02-S3,LEN-EBC-1.3-MC-02,1,3,3,"Reconozco la temática de caricaturas, tiras cómicas, historietas, anuncios publicitarios y otros medios de expresión gráfica.",estandares-lengua-castellana.pdf,16
LEN-EBC-1.3-MC-02-S4,LEN-EBC-1.3-MC-02,1,3,4,Ordeno y completo la secuencia de viñetas que conforman una historieta.,estandares-lengua-castellana.pdf,16
LEN-EBC-1.3-MC-02-S5,LEN-EBC-1.3-MC-02,1,3,5,"Relaciono gráficas con texto escrito, ya sea completándolas o explicándolas.",estandares-lengua-castellana.pdf,16
LEN-EBC-1.3-EC-01-S1,LEN-EBC-1.3-EC-01,1,3,1,"Reconozco los principales elementos constitutivos de un proceso de comunicación: interlocutores, código, canal, texto y situación comunicativa.",estandares-lengua-castellana.pdf,16
LEN-EBC-1.3-EC-01-S2,LEN-EBC-1.3-EC-01,1,3,2,Establezco semejanzas y diferencias entre quien produce el texto y quien lo interpreta.,estandares-lengua-castellana.pdf,16
LEN-EBC-1.3-EC-01-S3,LEN-EBC-1.3-EC-01,1,3,3,Identifico en situaciones comunicativas reales los roles de quien produce y de quien interpreta un texto.,estandares-lengua-castellana.pdf,16
LEN-EBC-1.3-EC-01-S4,LEN-EBC-1.3-EC-01,1,3,4,Identifico la intención de quien produce un texto.,estandares-lengua-castellana.pdf,16
LEN-EBC-4.5-PT-01-S1,LEN-EBC-4.5-PT-01,4,5,1,"Organizo mis ideas para producir un texto oral, teniendo en cuenta mi realidad y mis propias experiencias.",estandares-lengua-castellana.pdf,17
LEN-EBC-4.5-PT-01-S2,LEN-EBC-4.5-PT-01,4,5,2,Elaboro un plan para la exposición de mis ideas.,estandares-lengua-castellana.pdf,17
LEN-EBC-4.5-PT-01-S3,LEN-EBC-4.5-PT-01,4,5,3,Selecciono el léxico apropiado y acomodo mi estilo al plan de exposición así como al contexto comunicativo.,estandares-lengua-castellana.pdf,17
LEN-EBC-4.5-PT-01-S4,LEN-EBC-4.5-PT-01,4,5,4,Adecuo la entonación y la pronunciación a las exigencias de las situaciones comunicativas en que participo.,estandares-lengua-castellana.pdf,17
LEN-EBC-4.5-PT-01-S5,LEN-EBC-4.5-PT-01,4,5,5,"Produzco un texto oral, teniendo en cuenta la entonación, la articulación y la organización de ideas que requiere la situación comunicativa.",estandares-lengua-castellana.pdf,17
LEN-EBC-4.5-PT-02-S1,LEN-EBC-4.5-PT-02,4,5,1,"Elijo un tema para producir un texto escrito, teniendo en cuenta un propósito, las características del interlocutor y las exigencias del contexto.",estandares-lengua-castellana.pdf,17
LEN-EBC-4.5-PT-02-S2,LEN-EBC-4.5-PT-02,4,5,2,Diseño un plan para elaborar un texto informativo.,estandares-lengua-castellana.pdf,17
LEN-EBC-4.5-PT-02-S3,LEN-EBC-4.5-PT-02,4,5,3,"Produzco la primera versión de un texto informativo, atendiendo a requerimientos (formales y conceptuales) de la producción escrita en lengua castellana, con énfasis en algunos aspectos gramaticales (concordancia, tiempos verbales, nombres, pronombres, entre otros) y ortográficos.",estandares-lengua-castellana.pdf,17
LEN-EBC-4.5-PT-02-S4,LEN-EBC-4.5-PT-02,4,5,4,Reescribo el texto a partir de las propuestas de corrección formuladas por mis compañeros y por mí.,estandares-lengua-castellana.pdf,17
LEN-EBC-4.5-CI-01-S1,LEN-EBC-4.5-CI-01,4,5,1,"Leo diversos tipos de texto: descriptivo, informativo, narrativo, explicativo y argumentativo.",estandares-lengua-castellana.pdf,17
LEN-EBC-4.5-CI-01-S2,LEN-EBC-4.5-CI-01,4,5,2,"Comprendo los aspectos formales y conceptuales (en especial: características de las oraciones y formas de relación entre ellas), al interior de cada texto leído.",estandares-lengua-castellana.pdf,17
LEN-EBC-4.5-CI-01-S3,LEN-EBC-4.5-CI-01,4,5,3,Identifico la intención comunicativa de cada uno de los textos leídos.,estandares-lengua-castellana.pdf,17
LEN-EBC-4.5-CI-01-S4,LEN-EBC-4.5-CI-01,4,5,4,"Determino algunas estrategias para buscar, seleccionar y almacenar información: resúmenes, cuadros sinópticos, mapas conceptuales y fichas.",estandares-lengua-castellana.pdf,17
LEN-EBC-4.5-CI-01-S5,LEN-EBC-4.5-CI-01,4,5,5,"Establezco diferencias y semejanzas entre las estrategias de búsqueda, selección y almacenamiento de información.",estandares-lengua-castellana.pdf,17
LEN-EBC-4.5-CI-01-S6,LEN-EBC-4.5-CI-01,4,5,6,"Utilizo estrategias de búsqueda, selección y almacenamiento de información para mis procesos de producción y comprensión textual.",estandares-lengua-castellana.pdf,17
LEN-EBC-4.5-LI-01-S1,LEN-EBC-4.5-LI-01,4,5,1,"Leo diversos tipos de texto literario: relatos mitológicos, leyendas, cuentos, fábulas, poemas y obras teatrales.",estandares-lengua-castellana.pdf,18
LEN-EBC-4.5-LI-01-S2,LEN-EBC-4.5-LI-01,4,5,2,"Reconozco, en los textos literarios que leo, elementos tales como tiempo, espacio, acción, personajes.",estandares-lengua-castellana.pdf,18
LEN-EBC-4.5-LI-01-S3,LEN-EBC-4.5-LI-01,4,5,3,"Propongo hipótesis predictivas acerca de un texto literario, partiendo de aspectos como título, tipo de texto, época de la producción, etc.",estandares-lengua-castellana.pdf,18
LEN-EBC-4.5-LI-01-S4,LEN-EBC-4.5-LI-01,4,5,4,"Relaciono las hipótesis predictivas que surgen de los textos que leo, con su contexto y con otros textos, sean literarios o no.",estandares-lengua-castellana.pdf,18
LEN-EBC-4.5-LI-01-S5,LEN-EBC-4.5-LI-01,4,5,5,"Comparo textos narrativos, líricos y dramáticos, teniendo en cuenta algunos de sus elementos constitutivos.",estandares-lengua-castellana.pdf,18
LEN-EBC-4.5-MC-01-S1,LEN-EBC-4.5-MC-01,4,5,1,Reconozco las características de los diferentes medios de comunicación masiva.,estandares-lengua-castellana.pdf,18
LEN-EBC-4.5-MC-01-S2,LEN-EBC-4.5-MC-01,4,5,2,Selecciono y clasifico la información emitida por los diferentes medios de comunicación.,estandares-lengua-castellana.pdf,18
LEN-EBC-4.5-MC-01-S3,LEN-EBC-4.5-MC-01,4,5,3,Elaboro planes textuales con la información seleccionada de los medios de comunicación.,estandares-lengua-castellana.pdf,18
LEN-EBC-4.5-MC-01-S4,LEN-EBC-4.5-MC-01,4,5,4,Produzco textos orales y escritos con base en planes en los que utilizo la información recogida de los medios.,estandares-lengua-castellana.pdf,18
LEN-EBC-4.5-MC-01-S5,LEN-EBC-4.5-MC-01,4,5,5,"Socializo, analizo y corrijo los textos producidos con base en la información tomada de los medios de comunicación masiva.",estandares-lengua-castellana.pdf,18
LEN-EBC-4.5-MC-02-S1,LEN-EBC-4.5-MC-02,4,5,1,Entiendo las obras no verbales como productos de las comunidades humanas.,estandares-lengua-castellana.pdf,18
LEN-EBC-4.5-MC-02-S2,LEN-EBC-4.5-MC-02,4,5,2,Doy cuenta de algunas estrategias empleadas para comunicar a través del lenguaje no verbal.,estandares-lengua-castellana.pdf,18
LEN-EBC-4.5-MC-02-S3,LEN-EBC-4.5-MC-02,4,5,3,"Explico el sentido que tienen mensajes no verbales en mi contexto: señales de tránsito, indicios, banderas, colores, etc.",estandares-lengua-castellana.pdf,18
LEN-EBC-4.5-MC-02-S4,LEN-EBC-4.5-MC-02,4,5,4,Reconozco y uso códigos no verbales en situaciones comunicativas auténticas.,estandares-lengua-castellana.pdf,18
LEN-EBC-4.5-EC-01-S1,LEN-EBC-4.5-EC-01,4,5,1,"Identifico los elementos constitutivos de la comunicación: interlocutores, código, canal, mensaje y contextos.",estandares-lengua-castellana.pdf,18
LEN-EBC-4.5-EC-01-S2,LEN-EBC-4.5-EC-01,4,5,2,Caracterizo los roles desempeñados por los sujetos que participan del proceso comunicativo.,estandares-lengua-castellana.pdf,18
LEN-EBC-4.5-EC-01-S3,LEN-EBC-4.5-EC-01,4,5,3,"Tengo en cuenta, en mis interacciones comunicativas, principios básicos de la comunicación: reconocimiento del otro en tanto interlocutor válido y respeto por los turnos conversacionales.",estandares-lengua-castellana.pdf,18
LEN-EBC-4.5-EC-01-S4,LEN-EBC-4.5-EC-01,4,5,4,"Identifico en situaciones comunicativas reales los roles, las intenciones de los interlocutores y el respeto por los principios básicos de la comunicación.",estandares-lengua-castellana.pdf,18
LEN-EBC-6.7-PT-01-S1,LEN-EBC-6.7-PT-01,6,7,1,Defino una temática para la elaboración de un texto oral con fines argumentativos.,estandares-lengua-castellana.pdf,19
LEN-EBC-6.7-PT-01-S2,LEN-EBC-6.7-PT-01,6,7,2,Formulo una hipótesis para demostrarla en un texto oral con fines argumentativos.,estandares-lengua-castellana.pdf,19
LEN-EBC-6.7-PT-01-S3,LEN-EBC-6.7-PT-01,6,7,3,"Llevo a cabo procedimientos de búsqueda, selección y almacenamiento de información acerca de la temática que voy a tratar en un texto con fines argumentativos.",estandares-lengua-castellana.pdf,19
LEN-EBC-6.7-PT-01-S4,LEN-EBC-6.7-PT-01,6,7,4,"Elaboro un plan textual, jerarquizando la información que he obtenido de fuentes diversas.",estandares-lengua-castellana.pdf,19
LEN-EBC-6.7-PT-01-S5,LEN-EBC-6.7-PT-01,6,7,5,Caracterizo estrategias argumentativas de tipo descriptivo.,estandares-lengua-castellana.pdf,19
LEN-EBC-6.7-PT-01-S6,LEN-EBC-6.7-PT-01,6,7,6,Utilizo estrategias descriptivas para producir un texto oral con fines argumentativos.,estandares-lengua-castellana.pdf,19
LEN-EBC-6.7-PT-02-S1,LEN-EBC-6.7-PT-02,6,7,1,Defino una temática para la producción de un texto narrativo.,estandares-lengua-castellana.pdf,19
LEN-EBC-6.7-PT-02-S2,LEN-EBC-6.7-PT-02,6,7,2,"Llevo a cabo procedimientos de búsqueda, selección y almacenamiento de información acerca de la temática que voy a tratar en mi texto narrativo.",estandares-lengua-castellana.pdf,19
LEN-EBC-6.7-PT-02-S3,LEN-EBC-6.7-PT-02,6,7,3,"Elaboro un plan textual, organizando la información en secuencias lógicas.",estandares-lengua-castellana.pdf,19
LEN-EBC-6.7-PT-02-S4,LEN-EBC-6.7-PT-02,6,7,4,"Produzco una primera versión del texto narrativo teniendo en cuenta personajes, espacio, tiempos y vínculos con otros textos y con mi entorno.",estandares-lengua-castellana.pdf,19
LEN-EBC-6.7-PT-02-S5,LEN-EBC-6.7-PT-02,6,7,5,"Reescribo un texto, teniendo en cuenta aspectos de coherencia (unidad temática, relaciones lógicas, consecutividad temporal...) y cohesión (conectores, pronombres, manejo de modos verbales, puntuación...).",estandares-lengua-castellana.pdf,19
LEN-EBC-6.7-CI-01-S1,LEN-EBC-6.7-CI-01,6,7,1,Reconozco las características de los diversos tipos de texto que leo.,estandares-lengua-castellana.pdf,19
LEN-EBC-6.7-CI-01-S2,LEN-EBC-6.7-CI-01,6,7,2,Propongo hipótesis de interpretación para cada uno de los tipos de texto que he leído.,estandares-lengua-castellana.pdf,19
LEN-EBC-6.7-CI-01-S3,LEN-EBC-6.7-CI-01,6,7,3,"Identifico las principales características formales del texto: formato de presentación, títulos, graficación, capítulos, organización, etc.",estandares-lengua-castellana.pdf,19
LEN-EBC-6.7-CI-01-S4,LEN-EBC-6.7-CI-01,6,7,4,Comparo el contenido de los diferentes tipos de texto que he leído.,estandares-lengua-castellana.pdf,19
LEN-EBC-6.7-CI-01-S5,LEN-EBC-6.7-CI-01,6,7,5,Relaciono la forma y el contenido de los textos que leo y muestro cómo se influyen mutuamente.,estandares-lengua-castellana.pdf,19
LEN-EBC-6.7-CI-01-S6,LEN-EBC-6.7-CI-01,6,7,6,Establezco relaciones de semejanza y diferencia entre los diversos tipos de texto que he leído.,estandares-lengua-castellana.pdf,19
LEN-EBC-6.7-LI-01-S1,LEN-EBC-6.7-LI-01,6,7,1,"Interpreto y clasifico textos provenientes de la tradición oral tales como coplas, leyendas, relatos mitológicos, canciones, proverbios, refranes, parábolas, entre otros.",estandares-lengua-castellana.pdf,19
LEN-EBC-6.7-LI-01-S2,LEN-EBC-6.7-LI-01,6,7,2,"Caracterizo rasgos específicos que consolidan la tradición oral, como: origen, autoría colectiva, función social, uso del lenguaje, evolución, recurrencias temáticas, etc.",estandares-lengua-castellana.pdf,19
LEN-EBC-6.7-LI-01-S3,LEN-EBC-6.7-LI-01,6,7,3,"Identifico en la tradición oral el origen de los géneros literarios fundamentales: lírico, narrativo y dramático.",estandares-lengua-castellana.pdf,19
LEN-EBC-6.7-LI-01-S4,LEN-EBC-6.7-LI-01,6,7,4,"Establezco relaciones entre los textos provenientes de la tradición oral y otros textos en cuanto a temas, personajes, lenguaje, entre otros aspectos.",estandares-lengua-castellana.pdf,19
LEN-EBC-6.7-LI-02-S1,LEN-EBC-6.7-LI-02,6,7,1,"Leo obras literarias de género narrativo, lírico y dramático, de diversa temática, época y región.",estandares-lengua-castellana.pdf,20
LEN-EBC-6.7-LI-02-S2,LEN-EBC-6.7-LI-02,6,7,2,"Comprendo elementos constitutivos de obras literarias, tales como tiempo, espacio, función de los personajes, lenguaje, atmósferas, diálogos, escenas, entre otros.",estandares-lengua-castellana.pdf,20
LEN-EBC-6.7-LI-02-S3,LEN-EBC-6.7-LI-02,6,7,3,"Reconozco en las obras literarias procedimientos narrativos, líricos y dramáticos.",estandares-lengua-castellana.pdf,20
LEN-EBC-6.7-LI-02-S4,LEN-EBC-6.7-LI-02,6,7,4,"Comparo los procedimientos narrativos, líricos o dramáticos empleados en la literatura que permiten estudiarla por géneros.",estandares-lengua-castellana.pdf,20
LEN-EBC-6.7-LI-02-S5,LEN-EBC-6.7-LI-02,6,7,5,"Formulo hipótesis de comprensión acerca de las obras literarias que leo teniendo en cuenta género, temática, época y región.",estandares-lengua-castellana.pdf,20
LEN-EBC-6.7-MC-01-S1,LEN-EBC-6.7-MC-01,6,7,1,Reconozco las características de los principales medios de comunicación masiva.,estandares-lengua-castellana.pdf,20
LEN-EBC-6.7-MC-01-S2,LEN-EBC-6.7-MC-01,6,7,2,Selecciono y clasifico la información emitida por los medios de comunicación masiva.,estandares-lengua-castellana.pdf,20
LEN-EBC-6.7-MC-01-S3,LEN-EBC-6.7-MC-01,6,7,3,"Recopilo en fichas, mapas, gráficos y cuadros la información que he obtenido de los medios de comunicación masiva.",estandares-lengua-castellana.pdf,20
LEN-EBC-6.7-MC-01-S4,LEN-EBC-6.7-MC-01,6,7,4,"Organizo (mediante ordenación alfabética, temática, de autores, medio de difusión, entre muchas otras posibilidades) la información recopilada y la almaceno de tal forma que la pueda consultar cuando lo requiera.",estandares-lengua-castellana.pdf,20
LEN-EBC-6.7-MC-02-S1,LEN-EBC-6.7-MC-02,6,7,1,"Caracterizo obras no verbales (pintura, escultura, arquitectura, danza, etc.), mediante producciones verbales.",estandares-lengua-castellana.pdf,20
LEN-EBC-6.7-MC-02-S2,LEN-EBC-6.7-MC-02,6,7,2,Cotejo obras no verbales con las descripciones y explicaciones que se han formulado acerca de dichas obras.,estandares-lengua-castellana.pdf,20
LEN-EBC-6.7-MC-02-S3,LEN-EBC-6.7-MC-02,6,7,3,"Comparo el sentido que tiene el uso del espacio y de los movimientos corporales en situaciones comunicativas cotidianas, con el sentido que tienen en obras artísticas.",estandares-lengua-castellana.pdf,20
LEN-EBC-6.7-MC-02-S4,LEN-EBC-6.7-MC-02,6,7,4,"Propongo hipótesis de interpretación de espectáculos teatrales, obras pictóricas, escultóricas, arquitectónicas, entre otras.",estandares-lengua-castellana.pdf,20
LEN-EBC-6.7-EC-01-S1,LEN-EBC-6.7-EC-01,6,7,1,Caracterizo el contexto cultural del otro y lo comparo con el mío.,estandares-lengua-castellana.pdf,20
LEN-EBC-6.7-EC-01-S2,LEN-EBC-6.7-EC-01,6,7,2,"Identifico en situaciones comunicativas auténticas algunas variantes lingüísticas de mi entorno, generadas por ubicación geográfica, diferencia social o generacional, profesión, oficio, entre otras.",estandares-lengua-castellana.pdf,20
LEN-EBC-6.7-EC-01-S3,LEN-EBC-6.7-EC-01,6,7,3,Evidencio que las variantes lingüísticas encierran una visión particular del mundo.,estandares-lengua-castellana.pdf,20
LEN-EBC-6.7-EC-01-S4,LEN-EBC-6.7-EC-01,6,7,4,Reconozco que las variantes lingüísticas y culturales no impiden respetar al otro como interlocutor válido.,estandares-lengua-castellana.pdf,20
LEN-EBC-8.9-PT-01-S1,LEN-EBC-8.9-PT-01,8,9,1,Organizo previamente las ideas que deseo exponer y me documento para sustentarlas.,estandares-lengua-castellana.pdf,21
LEN-EBC-8.9-PT-01-S2,LEN-EBC-8.9-PT-01,8,9,2,Identifico y valoro los aportes de mi interlocutor y del contexto en el que expongo mis ideas.,estandares-lengua-castellana.pdf,21
LEN-EBC-8.9-PT-01-S3,LEN-EBC-8.9-PT-01,8,9,3,"Caracterizo y utilizo estrategias descriptivas y explicativas para argumentar mis ideas, valorando y respetando las normas básicas de la comunicación.",estandares-lengua-castellana.pdf,21
LEN-EBC-8.9-PT-01-S4,LEN-EBC-8.9-PT-01,8,9,4,Utilizo el discurso oral para establecer acuerdos a partir del reconocimiento de los argumentos de mis interlocutores y la fuerza de mis propios argumentos.,estandares-lengua-castellana.pdf,21
LEN-EBC-8.9-PT-02-S1,LEN-EBC-8.9-PT-02,8,9,1,"Diseño un plan textual para la presentación de mis ideas, pensamientos y saberes en los contextos en que así lo requiera.",estandares-lengua-castellana.pdf,21
LEN-EBC-8.9-PT-02-S2,LEN-EBC-8.9-PT-02,8,9,2,"Utilizo un texto explicativo para la presentación de mis ideas, pensamientos y saberes, de acuerdo con las características de mi interlocutor y con la intención que persigo al producir el texto.",estandares-lengua-castellana.pdf,21
LEN-EBC-8.9-PT-02-S3,LEN-EBC-8.9-PT-02,8,9,3,"Identifico estrategias que garantizan coherencia, cohesión y pertinencia del texto.",estandares-lengua-castellana.pdf,21
LEN-EBC-8.9-PT-02-S4,LEN-EBC-8.9-PT-02,8,9,4,"Tengo en cuenta reglas sintácticas, semánticas y pragmáticas para la producción de un texto.",estandares-lengua-castellana.pdf,21
LEN-EBC-8.9-PT-02-S5,LEN-EBC-8.9-PT-02,8,9,5,"Elaboro una primera versión de un texto explicativo atendiendo a los requerimientos estructurales, conceptuales y lingüísticos.",estandares-lengua-castellana.pdf,21
LEN-EBC-8.9-PT-02-S6,LEN-EBC-8.9-PT-02,8,9,6,"Reescribo el texto, a partir de mi propia valoración y del efecto causado por éste en mis interlocutores.",estandares-lengua-castellana.pdf,21
LEN-EBC-8.9-CI-01-S1,LEN-EBC-8.9-CI-01,8,9,1,"Elaboro hipótesis de lectura de diferentes textos, a partir de la revisión de sus características como: forma de presentación, títulos, graficación y manejo de la lengua: marcas textuales, organización sintáctica, uso de deícticos, entre otras.",estandares-lengua-castellana.pdf,21
LEN-EBC-8.9-CI-01-S2,LEN-EBC-8.9-CI-01,8,9,2,"Comprendo el sentido global de cada uno de los textos que leo, la intención de quien lo produce y las características del contexto en el que se produce.",estandares-lengua-castellana.pdf,21
LEN-EBC-8.9-CI-01-S3,LEN-EBC-8.9-CI-01,8,9,3,Caracterizo los textos de acuerdo con la intención comunicativa de quien los produce.,estandares-lengua-castellana.pdf,21
LEN-EBC-8.9-CI-01-S4,LEN-EBC-8.9-CI-01,8,9,4,"Analizo los aspectos textuales, conceptuales y formales de cada uno de los textos que leo.",estandares-lengua-castellana.pdf,21
LEN-EBC-8.9-CI-01-S5,LEN-EBC-8.9-CI-01,8,9,5,"Infiero otros sentidos en cada uno de los textos que leo, relacionándolos con su sentido global y con el contexto en el cual se han producido, reconociendo rasgos sociológicos, ideológicos, científicos y culturales.",estandares-lengua-castellana.pdf,21
LEN-EBC-8.9-LI-01-S1,LEN-EBC-8.9-LI-01,8,9,1,Conozco y caracterizo producciones literarias de la tradición oral latinoamericana.,estandares-lengua-castellana.pdf,21
LEN-EBC-8.9-LI-01-S2,LEN-EBC-8.9-LI-01,8,9,2,Leo con sentido crítico obras literarias de autores latinoamericanos.,estandares-lengua-castellana.pdf,21
LEN-EBC-8.9-LI-01-S3,LEN-EBC-8.9-LI-01,8,9,3,"Establezco relaciones entre obras literarias latinoamericanas, procedentes de fuentes escritas y orales.",estandares-lengua-castellana.pdf,21
LEN-EBC-8.9-LI-01-S4,LEN-EBC-8.9-LI-01,8,9,4,"Caracterizo los principales momentos de la literatura latinoamericana, atendiendo a particularidades temporales, geográficas, de género, de autor, etc.",estandares-lengua-castellana.pdf,21
LEN-EBC-8.9-LI-01-S5,LEN-EBC-8.9-LI-01,8,9,5,"Identifico los recursos del lenguaje empleados por autores latinoamericanos de diferentes épocas y los comparo con los empleados por autores de otros contextos temporales y espaciales, cuando sea pertinente.",estandares-lengua-castellana.pdf,21
LEN-EBC-8.9-MC-01-S1,LEN-EBC-8.9-MC-01,8,9,1,"Caracterizo los medios de comunicación masiva a partir de aspectos como: de qué manera(s) difunden la información, cuál es su cobertura y alcance, y a qué tipo de audiencia se dirigen, entre otros.",estandares-lengua-castellana.pdf,22
LEN-EBC-8.9-MC-01-S2,LEN-EBC-8.9-MC-01,8,9,2,"Diferencio los medios de comunicación masiva de acuerdo con sus características formales y conceptuales, haciendo énfasis en el código, los recursos técnicos, el manejo de la información y los potenciales mecanismos de participación de la audiencia.",estandares-lengua-castellana.pdf,22
LEN-EBC-8.9-MC-01-S3,LEN-EBC-8.9-MC-01,8,9,3,"Utilizo estrategias para la búsqueda, organización, almacenamiento y recuperación de información que circula en diferentes medios de comunicación masiva.",estandares-lengua-castellana.pdf,22
LEN-EBC-8.9-MC-01-S4,LEN-EBC-8.9-MC-01,8,9,4,"Selecciono la información obtenida a través de los medios masivos, para satisfacer mis necesidades comunicativas.",estandares-lengua-castellana.pdf,22
LEN-EBC-8.9-MC-01-S5,LEN-EBC-8.9-MC-01,8,9,5,"Utilizo estrategias para la búsqueda, organización, almacenamiento y recuperación de la información que proporcionan fuentes bibliográficas y la que se produce en los contextos en los que interactúo.",estandares-lengua-castellana.pdf,22
LEN-EBC-8.9-MC-01-S6,LEN-EBC-8.9-MC-01,8,9,6,Establezco relaciones entre la información seleccionada en los medios de difusión masiva y la contrasto críticamente con la que recojo de los contextos en los cuales intervengo.,estandares-lengua-castellana.pdf,22
LEN-EBC-8.9-MC-01-S7,LEN-EBC-8.9-MC-01,8,9,7,"Determino características, funciones e intenciones de los discursos que circulan a través de los medios de comunicación masiva.",estandares-lengua-castellana.pdf,22
LEN-EBC-8.9-MC-01-S8,LEN-EBC-8.9-MC-01,8,9,8,"Interpreto elementos políticos, culturales e ideológicos que están presentes en la información que difunden los medios masivos y adopto una posición crítica frente a ellos.",estandares-lengua-castellana.pdf,22
LEN-EBC-8.9-MC-02-S1,LEN-EBC-8.9-MC-02,8,9,1,"Caracterizo diversas manifestaciones del lenguaje no verbal: música, pintura, escultura, arquitectura, mapas y tatuajes, entre otras.",estandares-lengua-castellana.pdf,22
LEN-EBC-8.9-MC-02-S2,LEN-EBC-8.9-MC-02,8,9,2,"Identifico rasgos culturales y sociales en diversas manifestaciones del lenguaje no verbal: música, pintura, escultura, arquitectura, mapas y tatuajes, entre otros.",estandares-lengua-castellana.pdf,22
LEN-EBC-8.9-MC-02-S3,LEN-EBC-8.9-MC-02,8,9,3,Relaciono manifestaciones artísticas no verbales con las personas y las comunidades humanas que las produjeron.,estandares-lengua-castellana.pdf,22
LEN-EBC-8.9-MC-02-S4,LEN-EBC-8.9-MC-02,8,9,4,"Interpreto manifestaciones artísticas no verbales y las relaciono con otras producciones humanas, ya sean artísticas o no.",estandares-lengua-castellana.pdf,22
LEN-EBC-8.9-EC-01-S1,LEN-EBC-8.9-EC-01,8,9,1,Reconozco el lenguaje como capacidad humana que configura múltiples sistemas simbólicos y posibilita los procesos de significar y comunicar.,estandares-lengua-castellana.pdf,22
LEN-EBC-8.9-EC-01-S2,LEN-EBC-8.9-EC-01,8,9,2,Entiendo la lengua como uno de los sistemas simbólicos producto del lenguaje y la caracterizo en sus aspectos convencionales y arbitrarios.,estandares-lengua-castellana.pdf,22
LEN-EBC-8.9-EC-01-S3,LEN-EBC-8.9-EC-01,8,9,3,Explico el proceso de comunicación y doy cuenta de los aspectos e individuos que intervienen en su dinámica.,estandares-lengua-castellana.pdf,22
LEN-EBC-8.9-EC-01-S4,LEN-EBC-8.9-EC-01,8,9,4,"Comprendo el concepto de coherencia y distingo entre coherencia local y global, en textos míos o de mis compañeros.",estandares-lengua-castellana.pdf,22
LEN-EBC-8.9-EC-01-S5,LEN-EBC-8.9-EC-01,8,9,5,"Valoro, entiendo y adopto los aportes de la ortografía para la comprensión y producción de textos.",estandares-lengua-castellana.pdf,22
LEN-EBC-10.11-PT-01-S1,LEN-EBC-10.11-PT-01,10,11,1,Comprendo el valor del lenguaje en los procesos de construcción del conocimiento.,estandares-lengua-castellana.pdf,23
LEN-EBC-10.11-PT-01-S2,LEN-EBC-10.11-PT-01,10,11,2,Desarrollo procesos de autocontrol y corrección lingüística en mi producción de textos orales y escritos.,estandares-lengua-castellana.pdf,23
LEN-EBC-10.11-PT-01-S3,LEN-EBC-10.11-PT-01,10,11,3,"Caracterizo y utilizo estrategias descriptivas, explicativas y analógicas en mi producción de textos orales y escritos.",estandares-lengua-castellana.pdf,23
LEN-EBC-10.11-PT-01-S4,LEN-EBC-10.11-PT-01,10,11,4,Evidencio en mis producciones textuales el conocimiento de los diferentes niveles de la lengua y el control sobre el uso que hago de ellos en contextos comunicativos.,estandares-lengua-castellana.pdf,23
LEN-EBC-10.11-PT-01-S5,LEN-EBC-10.11-PT-01,10,11,5,Produzco ensayos de carácter argumentativo en los que desarrollo mis ideas con rigor y atendiendo a las características propias del género.,estandares-lengua-castellana.pdf,23
LEN-EBC-10.11-CI-01-S1,LEN-EBC-10.11-CI-01,10,11,1,Elaboro hipótesis de interpretación atendiendo a la intención comunicativa y al sentido global del texto que leo.,estandares-lengua-castellana.pdf,23
LEN-EBC-10.11-CI-01-S2,LEN-EBC-10.11-CI-01,10,11,2,"Relaciono el significado de los textos que leo con los contextos sociales, culturales y políticos en los cuales se han producido.",estandares-lengua-castellana.pdf,23
LEN-EBC-10.11-CI-01-S3,LEN-EBC-10.11-CI-01,10,11,3,"Diseño un esquema de interpretación, teniendo en cuenta al tipo de texto, tema, interlocutor e intención comunicativa.",estandares-lengua-castellana.pdf,23
LEN-EBC-10.11-CI-01-S4,LEN-EBC-10.11-CI-01,10,11,4,Construyo reseñas críticas acerca de los textos que leo.,estandares-lengua-castellana.pdf,23
LEN-EBC-10.11-CI-01-S5,LEN-EBC-10.11-CI-01,10,11,5,"Asumo una actitud crítica frente a los textos que leo y elaboro, y frente a otros tipos de texto: explicativos, descriptivos y narrativos.",estandares-lengua-castellana.pdf,23
LEN-EBC-10.11-LI-01-S1,LEN-EBC-10.11-LI-01,10,11,1,"Leo textos literarios de diversa índole, género, temática y origen.",estandares-lengua-castellana.pdf,23
LEN-EBC-10.11-LI-01-S2,LEN-EBC-10.11-LI-01,10,11,2,"Identifico en obras de la literatura universal el lenguaje, las características formales, las épocas y escuelas, estilos, tendencias, temáticas, géneros y autores, entre otros aspectos.",estandares-lengua-castellana.pdf,23
LEN-EBC-10.11-LI-01-S3,LEN-EBC-10.11-LI-01,10,11,3,"Comprendo en los textos que leo las dimensiones éticas, estéticas, filosóficas, entre otras, que se evidencian en ellos.",estandares-lengua-castellana.pdf,23
LEN-EBC-10.11-LI-01-S4,LEN-EBC-10.11-LI-01,10,11,4,"Comparo textos de diversos autores, temas, épocas y culturas, y utilizo recursos de la teoría literaria para enriquecer su interpretación.",estandares-lengua-castellana.pdf,23
LEN-EBC-10.11-MC-01-S1,LEN-EBC-10.11-MC-01,10,11,1,"Comprendo el papel que cumplen los medios de comunicación masiva en el contexto social, cultural, económico y político de las sociedades contemporáneas.",estandares-lengua-castellana.pdf,24
LEN-EBC-10.11-MC-01-S2,LEN-EBC-10.11-MC-01,10,11,2,"Infiero las implicaciones de los medios de comunicación masiva en la conformación de los contextos sociales, culturales, políticos, etc., del país.",estandares-lengua-castellana.pdf,24
LEN-EBC-10.11-MC-01-S3,LEN-EBC-10.11-MC-01,10,11,3,Analizo los mecanismos ideológicos que subyacen a la estructura de los medios de información masiva.,estandares-lengua-castellana.pdf,24
LEN-EBC-10.11-MC-01-S4,LEN-EBC-10.11-MC-01,10,11,4,"Asumo una posición crítica frente a los elementos ideológicos presentes en dichos medios, y analizo su incidencia en la sociedad actual.",estandares-lengua-castellana.pdf,24
LEN-EBC-10.11-MC-02-S1,LEN-EBC-10.11-MC-02,10,11,1,"Doy cuenta del uso del lenguaje verbal o no verbal en manifestaciones humanas como los graffiti, la publicidad, los símbolos patrios, las canciones, los caligramas, entre otros.",estandares-lengua-castellana.pdf,24
LEN-EBC-10.11-MC-02-S2,LEN-EBC-10.11-MC-02,10,11,2,"Analizo las implicaciones culturales, sociales e ideológicas de manifestaciones humanas como los graffiti, la publicidad, los símbolos patrios, las canciones, los caligramas, entre otros.",estandares-lengua-castellana.pdf,24
LEN-EBC-10.11-MC-02-S3,LEN-EBC-10.11-MC-02,10,11,3,"Explico cómo los códigos verbales y no verbales se articulan para generar sentido en obras cinematográficas, canciones y caligramas, entre otras.",estandares-lengua-castellana.pdf,24
LEN-EBC-10.11-MC-02-S4,LEN-EBC-10.11-MC-02,10,11,4,"Produzco textos, empleando lenguaje verbal o no verbal, para exponer mis ideas o para recrear realidades, con sentido crítico.",estandares-lengua-castellana.pdf,24
LEN-EBC-10.11-EC-01-S1,LEN-EBC-10.11-EC-01,10,11,1,"Identifico, caracterizo y valoro diferentes grupos humanos teniendo en cuenta aspectos étnicos, lingüísticos, sociales y culturales, entre otros, del mundo contemporáneo.",estandares-lengua-castellana.pdf,24
LEN-EBC-10.11-EC-01-S2,LEN-EBC-10.11-EC-01,10,11,2,Respeto la diversidad de criterios y posiciones ideológicas que surgen en los grupos humanos.,estandares-lengua-castellana.pdf,24
LEN-EBC-10.11-EC-01-S3,LEN-EBC-10.11-EC-01,10,11,3,Utilizo el diálogo y la argumentación para superar enfrentamientos y posiciones antagónicas.,estandares-lengua-castellana.pdf,24
LEN-EBC-10.11-EC-01-S4,LEN-EBC-10.11-EC-01,10,11,4,"Comprendo que en la relación intercultural con las comunidades indígenas y afrocolombianas deben primar el respeto y la igualdad, lo que propiciará el acercamiento socio-cultural entre todos los colombianos.",estandares-lengua-castellana.pdf,24
LEN-EBC-10.11-EC-01-S5,LEN-EBC-10.11-EC-01,10,11,5,"Argumento, en forma oral y escrita, acerca de temas y problemáticas que puedan ser objeto de intolerancia, segregación, señalamientos, etc.",estandares-lengua-castellana.pdf,24
